t_s,e_div12_V,e_div3_V,i_ind_fig7_A,i_tot_fig7_A
0.00000,49.6,5.9,-94.2,4910.8
0.00005,49.6,5.9,-94.2,4910.8
0.00010,49.6,5.9,-94.2,4910.8
0.00015,49.6,5.9,-94.2,4910.8
0.00020,49.6,5.9,-94.2,4910.8
0.00025,49.6,5.9,-94.2,4910.8
0.00030,49.6,5.9,-94.2,4910.8
0.00035,49.6,5.9,-94.2,4910.8
0.00040,49.6,5.9,-94.2,4910.8
0.00045,49.6,5.9,-89.3,4915.7
0.00050,49.6,5.9,-73.6,4931.4
0.00055,49.6,5.9,-6.2,4998.8
0.00060,49.6,5.9,-6.2,4998.8
0.00065,49.6,5.9,-6.2,4998.8
0.00070,49.6,5.9,-6.2,4998.8
0.00075,49.6,5.9,-17.3,4987.6
0.00080,49.6,5.9,-17.3,4987.6
0.00085,49.6,5.9,-17.3,4987.6
0.00090,49.6,6.8,-28.4,4987.6
0.00095,49.6,8.2,-26.6,5016.7
0.00100,49.6,9.6,-26.6,4987.6
0.00105,49.6,9.9,-28.4,4976.5
0.00110,49.6,9.9,-26.6,4976.5
0.00115,49.6,9.9,-26.6,4962.7
0.00120,49.6,9.9,-26.6,4915.0
0.00125,49.6,9.9,-10.9,4915.0
0.00130,49.6,9.9,-10.9,4915.0
0.00135,49.6,11.2,-10.9,4915.0
0.00140,49.6,12.6,4.8,4915.0
0.00145,49.6,13.9,4.8,4915.9
0.00150,49.6,13.9,4.8,4916.9
0.00155,49.6,13.9,18.5,4917.9
0.00160,49.6,13.9,7.4,4918.9
0.00165,49.6,13.9,7.4,4919.8
0.00170,49.6,13.9,18.5,4920.8
0.00175,49.6,13.9,7.4,4921.8
0.00180,49.6,13.9,7.4,4922.8
0.00185,49.6,13.9,7.4,4923.7
0.00190,49.6,13.9,-3.7,4924.7
0.00195,49.6,13.9,-3.7,4925.7
0.00200,49.6,13.9,-3.7,4926.7
0.00205,49.6,13.9,-3.7,4927.6
0.00210,49.6,13.9,30.9,4928.6
0.00215,49.6,13.9,-3.7,4929.6
0.00220,49.6,13.9,-14.8,4930.6
0.00225,49.6,13.9,-14.8,4931.5
0.00230,49.6,13.9,-19.8,4931.5
0.00235,49.6,13.9,-19.8,4931.5
0.00240,49.6,13.9,-19.8,4932.5
0.00245,49.6,13.9,-19.8,4933.5
0.00250,49.6,13.9,-19.8,4933.5
0.00255,49.6,13.9,-19.8,4934.5
0.00260,49.6,13.9,-19.8,4935.4
0.00265,49.6,13.9,-19.8,4935.4
0.00270,49.6,13.9,-19.8,4965.8
0.00275,49.6,13.9,-19.8,4981.5
0.00280,49.6,13.9,-19.8,4981.5
0.00285,49.6,13.9,-7.8,4997.1
0.00290,49.6,13.9,-14.9,4990.0
0.00295,49.6,13.9,-40.9,4990.0
0.00300,49.6,13.9,-14.9,4997.1
0.00305,49.6,13.9,-14.9,4990.0
0.00310,49.9,13.9,-14.9,4990.0
0.00315,50.2,13.9,-14.9,4990.0
0.00320,50.6,13.9,-26.0,4978.9
0.00325,50.9,13.9,-26.0,4978.9
0.00330,51.2,13.9,-26.0,4978.9
0.00335,51.5,13.9,-37.2,4978.9
0.00340,51.8,13.9,-37.2,5027.0
0.00345,52.1,13.9,-37.2,5020.6
0.00350,52.4,13.9,-48.3,5020.6
0.00355,52.7,13.9,-48.3,5020.6
0.00360,53.0,13.9,-48.3,5018.2
0.00365,53.3,13.9,-58.3,5018.2
0.00370,53.6,13.9,-48.3,5018.2
0.00375,53.9,13.9,-48.3,5015.8
0.00380,54.2,13.9,-58.3,5013.5
0.00385,54.5,13.9,-42.7,5011.1
0.00390,54.8,13.9,-42.7,5008.7
0.00395,55.1,13.9,-42.7,5006.3
0.00400,55.4,13.9,-27.0,5003.9
0.00405,55.7,13.9,-27.0,5001.6
0.00410,56.0,13.9,-27.0,4999.2
0.00415,56.3,13.9,-11.3,4996.8
0.00420,56.6,13.9,-12.4,4994.4
0.00425,57.0,13.9,-12.4,4992.0
0.00430,57.3,13.9,-11.3,4989.7
0.00435,57.5,13.9,-12.4,4987.3
0.00440,57.5,13.9,-12.4,4984.9
0.00445,57.5,13.9,-12.4,4982.5
0.00450,57.5,13.9,-23.6,4980.1
0.00455,57.5,13.9,-23.6,4977.8
0.00460,57.5,13.9,-23.6,4975.4
0.00465,57.5,14.5,-34.7,4973.0
0.00470,57.5,15.9,-34.7,4970.6
0.00475,57.5,17.3,-34.7,4970.6
0.00480,57.5,17.8,-45.8,4970.6
0.00485,57.5,17.8,-45.8,4970.6
0.00490,57.5,17.8,-45.8,4968.2
0.00495,57.5,17.8,-45.8,4965.9
0.00500,57.5,17.8,-18.3,4963.5
0.00505,57.5,17.8,-45.8,4963.5
0.00510,57.5,17.8,-56.9,4961.1
0.00515,57.5,17.8,-44.2,4949.7
0.00520,57.5,17.8,-44.2,4949.7
0.00525,57.5,19.1,-18.3,4934.0
0.00530,57.5,20.4,-18.3,4934.0
0.00535,57.5,21.8,-44.2,4949.7
0.00540,57.5,21.8,-74.4,4949.7
0.00545,57.5,21.8,-74.4,4965.4
0.00550,57.5,21.8,-44.2,4965.4
0.00555,57.5,21.8,-44.2,4965.4
0.00560,57.5,21.8,-34.8,4970.2
0.00565,57.5,21.8,-45.9,4965.4
0.00570,57.5,21.8,-74.4,4965.4
0.00575,57.5,21.8,-45.9,4970.2
0.00580,57.5,21.8,-45.9,4970.2
0.00585,57.5,21.8,-45.9,4981.1
0.00590,57.5,21.8,-45.9,4996.7
0.00595,57.5,21.8,-57.0,5009.9
0.00600,57.5,21.8,-57.0,5009.9
0.00605,57.5,21.8,-57.0,5009.9
0.00610,57.5,21.8,-68.1,5009.9
0.00615,57.5,21.8,-68.1,5009.9
0.00620,57.5,21.8,-68.1,5009.9
0.00625,57.5,21.8,-79.2,5009.9
0.00630,57.5,21.8,-74.4,5009.9
0.00635,57.5,21.8,-74.4,5009.9
0.00640,57.5,21.8,-79.2,5009.9
0.00645,57.5,21.8,-74.4,5009.9
0.00650,57.5,21.8,-74.4,5009.9
0.00655,57.5,21.8,-74.4,5009.9
0.00660,57.5,21.8,-58.7,5009.9
0.00665,57.5,21.8,-58.7,5009.9
0.00670,57.5,21.8,-58.7,5009.9
0.00675,57.5,21.8,-43.1,5009.9
0.00680,57.6,21.8,-43.1,5009.9
0.00685,59.0,21.8,-43.1,5009.9
0.00690,60.4,21.8,-32.3,5009.9
0.00695,61.4,21.8,-43.1,5009.9
0.00700,61.4,21.8,-43.1,5009.9
0.00705,61.4,21.8,-32.3,5009.9
0.00710,61.4,21.8,-43.4,5009.9
0.00715,61.4,21.8,-43.4,5009.9
0.00720,61.4,21.8,-43.4,5009.9
0.00725,61.4,21.8,-43.4,5009.9
0.00730,61.4,21.8,-11.7,5009.9
0.00735,61.4,21.8,-43.4,5006.0
0.00740,62.2,21.8,-54.5,4991.1
0.00745,63.5,21.8,-54.5,4903.4
0.00750,64.9,21.8,-54.5,4903.4
0.00755,65.4,21.8,-45.1,4892.3
0.00760,65.4,21.8,-45.1,4892.3
0.00765,65.4,21.8,-60.9,4902.3
0.00770,65.4,21.8,-77.6,4902.3
0.00775,65.4,21.8,-87.0,4903.4
0.00780,65.4,21.8,-77.6,4903.4
0.00785,65.4,21.8,-77.6,4902.3
0.00790,65.4,21.8,-71.3,4918.0
0.00795,65.4,21.8,-71.3,4918.0
0.00800,65.4,21.8,-87.0,4918.0
0.00805,65.4,21.8,-87.0,4933.6
0.00810,65.4,21.8,-71.3,4933.6
0.00815,65.4,21.8,-71.3,4949.3
0.00820,65.4,21.8,-55.6,4949.3
0.00825,65.4,21.8,-65.7,4933.6
0.00830,65.4,21.8,-65.7,4933.6
0.00835,65.4,21.8,-55.6,4881.4
0.00840,65.4,21.8,-65.7,4859.0
0.00845,65.4,21.8,-65.7,4836.1
0.00850,65.4,21.8,-65.7,4835.6
0.00855,65.4,21.8,-76.8,4835.2
0.00860,65.4,21.8,-76.8,4834.7
0.00865,65.4,21.8,-76.8,4834.2
0.00870,65.4,21.8,-87.9,4833.7
0.00875,65.4,21.8,-87.9,4833.2
0.00880,65.4,21.8,-87.9,4832.7
0.00885,65.4,21.8,-99.1,4832.2
0.00890,65.4,21.8,-99.1,4831.8
0.00895,65.4,21.8,-99.1,4831.3
0.00900,65.4,21.8,-106.1,4830.8
0.00905,65.4,21.8,-99.1,4830.3
0.00910,65.4,21.8,-99.1,4829.8
0.00915,65.4,22.9,-106.1,4829.3
0.00920,65.4,24.3,-90.5,4828.8
0.00925,65.4,25.7,-90.5,4828.3
0.00930,65.4,25.8,-74.8,4827.9
0.00935,65.4,25.8,-74.8,4827.4
0.00940,65.4,25.8,-90.5,4826.9
0.00945,65.4,25.8,-74.8,4826.4
0.00950,65.4,25.8,-74.8,4825.9
0.00955,65.4,25.8,-104.4,4825.4
0.00960,65.4,25.8,-104.4,4824.9
0.00965,65.4,25.8,-104.4,4824.9
0.00970,65.8,26.1,-104.4,4824.9
0.00975,67.1,27.5,-119.6,4824.4
0.00980,68.5,28.9,-119.6,4824.4
0.00985,69.4,29.7,-110.2,4824.4
0.00990,69.4,29.7,-144.9,4839.2
0.00995,69.4,29.7,-110.2,4894.7
0.01000,69.4,29.7,-110.2,4894.7
0.01005,69.4,29.7,-110.2,4894.7
0.01010,69.4,29.7,-110.2,4894.7
0.01015,69.4,29.7,-121.4,4883.6
0.01020,69.4,29.7,-121.4,4883.6
0.01025,69.4,29.7,-121.4,4883.6
0.01030,69.4,29.7,-132.5,4872.5
0.01035,69.4,29.7,-121.4,4883.6
0.01040,69.4,29.7,-121.4,4883.6
0.01045,69.4,29.7,-132.5,4872.5
0.01050,69.4,29.7,-118.7,4886.2
0.01055,69.4,29.7,-118.7,4886.2
0.01060,69.4,29.7,-118.7,4901.9
0.01065,69.4,29.7,-103.1,4935.1
0.01070,69.4,29.7,-103.1,4931.8
0.01075,69.4,29.7,-103.1,4931.8
0.01080,69.4,29.7,-87.4,4931.8
0.01085,69.4,29.7,-87.4,4928.5
0.01090,69.4,29.7,-87.4,4928.5
0.01095,69.4,29.7,-85.5,4928.5
0.01100,69.4,29.7,-85.5,4925.1
0.01105,69.4,29.7,-74.4,4921.8
0.01110,69.4,29.7,-74.4,4918.5
0.01115,69.4,29.7,-85.5,4915.1
0.01120,69.4,29.7,-85.5,4911.8
0.01125,69.4,29.7,-100.6,4908.5
0.01130,69.4,29.7,-100.6,4905.1
0.01135,69.4,29.7,-84.3,4901.8
0.01140,69.4,29.7,-100.6,4898.5
0.01145,69.4,29.7,-133.0,4895.2
0.01150,69.4,29.7,-162.7,4891.8
0.01155,69.4,29.7,-133.0,4888.5
0.01160,69.4,29.7,-133.0,4885.2
0.01165,69.4,29.7,-147.0,4881.8
0.01170,69.4,29.7,-147.0,4878.5
0.01175,69.4,29.7,-162.7,4875.2
0.01180,69.4,29.7,-162.7,4871.8
0.01185,69.4,29.7,-147.0,4868.5
0.01190,69.4,29.7,-147.0,4865.2
0.01195,69.4,29.7,-131.3,4861.8
0.01200,69.4,29.7,-131.3,4858.5
0.01205,70.7,29.7,-131.3,4855.2
0.01210,72.1,29.7,-115.6,4855.2
0.01215,73.3,29.7,-115.6,4855.2
0.01220,73.3,29.7,-115.6,4851.8
0.01225,73.3,29.7,-107.8,4851.8
0.01230,73.3,29.7,-115.6,4851.8
0.01235,73.3,29.7,-115.6,4845.9
0.01240,73.3,29.7,-107.8,4886.0
0.01245,73.3,29.7,-119.0,4897.1
0.01250,73.3,29.7,-119.0,4905.0
0.01255,73.3,29.7,-119.0,4897.1
0.01260,73.9,29.7,-130.1,4886.0
0.01265,75.3,29.7,-130.1,4899.4
0.01270,76.7,29.7,-130.1,4886.0
0.01275,77.3,29.7,-130.1,4869.7
0.01280,77.3,29.7,-96.5,4869.7
0.01285,77.3,29.7,-130.1,4869.7
0.01290,77.3,29.7,-116.2,4816.7
0.01295,77.3,29.7,-116.2,4816.7
0.01300,77.3,29.7,-136.9,4829.7
0.01305,77.3,29.7,-136.9,4829.7
0.01310,77.3,29.7,-136.9,4829.7
0.01315,77.3,29.7,-136.9,4919.3
0.01320,77.3,29.7,-159.6,4933.7
0.01325,77.3,29.7,-159.6,4933.7
0.01330,77.3,29.7,-143.9,4933.7
0.01335,77.3,29.7,-159.6,4933.7
0.01340,77.3,29.7,-159.6,4933.7
0.01345,77.3,29.7,-143.9,4932.7
0.01350,77.3,29.7,-143.9,4931.7
0.01355,77.3,29.7,-130.2,4930.7
0.01360,77.3,29.7,-141.3,4929.8
0.01365,77.3,29.7,-141.3,4928.8
0.01370,77.3,29.7,-130.2,4927.8
0.01375,77.3,29.7,-141.3,4926.8
0.01380,77.3,29.7,-141.3,4925.9
0.01385,77.3,29.7,-141.3,4924.9
0.01390,77.3,30.3,-152.4,4923.9
0.01395,77.3,31.7,-152.4,4922.9
0.01400,77.3,33.0,-152.4,4922.0
0.01405,77.3,33.7,-163.5,4921.0
0.01410,77.3,33.7,-163.5,4920.0
0.01415,77.3,33.7,-163.5,4919.0
0.01420,77.3,33.7,-163.5,4918.1
0.01425,77.3,33.7,-133.5,4917.1
0.01430,77.3,33.7,-163.5,4916.1
0.01435,77.3,33.7,-174.6,4915.1
0.01440,77.3,33.7,-170.0,4914.2
0.01445,77.3,33.7,-170.0,4913.2
0.01450,77.3,34.9,-137.6,4912.2
0.01455,77.3,36.2,-137.6,4911.2
0.01460,77.3,37.6,-170.0,4863.6
0.01465,77.3,37.7,-189.6,4832.8
0.01470,77.3,37.7,-189.6,4832.8
0.01475,77.3,37.7,-170.0,4832.8
0.01480,77.3,37.7,-170.0,4831.0
0.01485,77.3,37.7,-156.5,4832.8
0.01490,77.3,37.7,-163.6,4841.4
0.01495,77.3,37.7,-189.6,4841.4
0.01500,77.3,37.7,-163.6,4848.5
0.01505,77.3,37.7,-163.6,4841.4
0.01510,77.3,37.7,-163.6,4841.4
0.01515,77.3,37.7,-163.6,4841.4
0.01520,77.3,37.7,-174.7,4830.3
0.01525,77.3,37.7,-174.7,4830.3
0.01530,77.3,37.7,-174.7,4830.3
0.01535,77.3,37.7,-185.8,4830.3
0.01540,77.3,37.7,-185.8,4865.9
0.01545,77.3,37.7,-185.8,4830.3
0.01550,78.1,37.7,-196.9,4819.1
0.01555,79.5,37.7,-196.9,4819.1
0.01560,80.9,37.7,-196.9,4766.6
0.01565,81.3,37.7,-196.9,4737.4
0.01570,81.3,37.7,-170.4,4737.4
0.01575,81.3,37.7,-196.9,4737.4
0.01580,81.3,37.7,-207.0,4737.4
0.01585,81.3,37.7,-192.1,4737.4
0.01590,81.3,37.7,-192.1,4737.4
0.01595,81.3,37.7,-170.4,4737.4
0.01600,81.3,37.7,-170.4,4737.4
0.01605,81.3,37.7,-192.1,4737.4
0.01610,81.3,37.7,-224.5,4737.4
0.01615,81.3,37.7,-224.5,4737.4
0.01620,81.3,37.7,-192.1,4737.4
0.01625,81.3,37.7,-192.1,4737.4
0.01630,81.3,37.7,-185.9,4737.4
0.01635,81.3,37.7,-197.0,4737.4
0.01640,81.3,37.7,-226.5,4737.4
0.01645,81.3,37.7,-197.0,4737.4
0.01650,81.3,37.7,-197.0,4737.4
0.01655,81.3,37.7,-197.0,4737.4
0.01660,81.3,37.7,-197.0,4737.4
0.01665,81.3,37.7,-208.1,4737.4
0.01670,81.3,37.7,-208.1,4737.4
0.01675,81.3,37.7,-208.1,4737.4
0.01680,81.3,37.7,-219.2,4737.4
0.01685,81.3,37.7,-219.2,4737.4
0.01690,81.3,37.7,-219.2,4737.4
0.01695,82.2,37.7,-230.4,4737.4
0.01700,83.6,37.7,-219.6,4737.4
0.01705,85.0,37.7,-219.6,4737.4
0.01710,85.2,37.7,-219.6,4737.4
0.01715,85.2,37.7,-207.4,4769.7
0.01720,85.2,37.7,-219.6,4776.3
0.01725,85.2,37.7,-207.4,4776.3
0.01730,85.2,37.7,-207.4,4788.5
0.01735,85.2,37.7,-219.6,4788.5
0.01740,85.2,37.7,-219.6,4776.3
0.01745,85.2,37.7,-207.4,4776.3
0.01750,85.2,37.7,-208.2,4791.9
0.01755,85.2,37.7,-247.8,4791.9
0.01760,85.2,37.7,-247.8,4796.8
0.01765,85.2,37.7,-219.3,4791.9
0.01770,85.2,37.7,-247.8,4791.9
0.01775,85.2,37.7,-219.3,4796.8
0.01780,85.2,37.7,-219.3,4796.8
0.01785,85.2,37.7,-219.3,4807.6
0.01790,85.2,37.7,-219.3,4822.0
0.01795,85.2,37.7,-230.4,4822.0
0.01800,85.2,37.7,-230.4,4822.0
0.01805,85.2,37.7,-230.4,4818.2
0.01810,85.2,37.7,-241.5,4818.2
0.01815,85.2,37.7,-241.5,4818.2
0.01820,85.2,37.7,-241.5,4814.4
0.01825,86.1,37.7,-252.7,4810.5
0.01830,87.5,37.7,-247.8,4806.7
0.01835,88.9,37.7,-247.8,4802.9
0.01840,89.2,37.7,-247.8,4799.1
0.01845,89.2,37.7,-228.7,4795.3
0.01850,89.2,37.7,-247.8,4791.5
0.01855,89.2,37.7,-228.7,4787.7
0.01860,89.2,37.7,-228.7,4783.9
0.01865,89.2,37.7,-247.8,4780.1
0.01870,89.2,37.7,-247.8,4776.3
0.01875,89.2,37.7,-228.7,4772.5
0.01880,89.2,37.8,-228.7,4768.7
0.01885,89.2,39.2,-228.7,4764.8
0.01890,89.2,40.5,-225.6,4761.0
0.01895,89.2,41.6,-222.0,4757.2
0.01900,89.2,41.6,-222.0,4753.4
0.01905,89.2,41.6,-222.0,4749.6
0.01910,89.2,41.6,-222.0,4745.8
0.01915,89.2,41.6,-222.0,4742.0
0.01920,89.2,41.6,-211.9,4738.2
0.01925,89.2,41.6,-222.0,4734.4
0.01930,89.2,41.6,-263.9,4730.6
0.01935,89.2,41.6,-263.9,4730.6
0.01940,89.2,41.6,-275.0,4730.6
0.01945,89.2,41.6,-291.8,4730.6
0.01950,89.2,41.6,-275.0,4726.8
0.01955,89.2,42.5,-275.0,4726.8
0.01960,89.2,43.9,-275.0,4745.9
0.01965,89.2,45.2,-275.0,4745.9
0.01970,89.2,45.6,-275.0,4745.9
0.01975,89.2,45.6,-250.0,4745.9
0.01980,89.2,45.6,-275.0,4745.9
0.01985,89.2,45.6,-250.0,4719.8
0.01990,89.2,45.6,-250.0,4719.8
0.01995,89.2,45.6,-276.1,4735.4
0.02000,89.2,45.6,-276.1,4719.8
0.02005,89.2,45.6,-253.9,4719.8
0.02010,89.2,45.6,-253.9,4735.4
0.02015,89.2,45.6,-290.4,4735.4
0.02020,89.2,45.6,-290.4,4751.1
0.02025,89.2,45.6,-263.9,4751.1
0.02030,89.2,45.6,-290.4,4752.2
0.02035,89.2,45.6,-263.9,4763.3
0.02040,89.2,45.6,-263.9,4766.8
0.02045,89.2,45.6,-263.9,4791.2
0.02050,89.2,45.6,-263.9,4791.2
0.02055,89.2,45.6,-275.0,4791.2
0.02060,89.2,45.6,-275.0,4791.2
0.02065,89.2,45.6,-275.0,4791.2
0.02070,89.2,45.6,-286.2,4782.6
0.02075,89.2,45.6,-286.2,4774.0
0.02080,89.2,45.6,-286.2,4765.4
0.02085,89.2,45.6,-286.2,4756.9
0.02090,89.2,45.6,-255.6,4748.3
0.02095,89.2,45.6,-286.2,4739.7
0.02100,90.2,45.6,-258.5,4731.2
0.02105,91.6,45.6,-258.5,4722.6
0.02110,92.9,45.6,-296.1,4714.0
0.02115,93.2,45.6,-296.1,4705.5
0.02120,93.2,45.6,-296.1,4696.9
0.02125,93.2,45.6,-296.1,4688.3
0.02130,93.2,45.6,-297.8,4679.8
0.02135,93.2,45.6,-297.8,4671.2
0.02140,93.2,45.6,-296.1,4662.6
0.02145,93.2,45.6,-297.8,4654.1
0.02150,93.2,45.6,-297.8,4645.5
0.02155,93.2,45.6,-286.2,4636.9
0.02160,93.2,45.6,-286.2,4628.3
0.02165,93.2,45.6,-282.1,4628.3
0.02170,93.2,45.6,-286.2,4628.3
0.02175,93.2,45.6,-286.2,4625.3
0.02180,93.2,45.6,-286.2,4625.3
0.02185,93.7,45.6,-297.3,4625.3
0.02190,95.0,45.6,-297.3,4707.6
0.02195,96.4,45.6,-297.3,4707.6
0.02200,97.1,45.6,-297.3,4707.6
0.02205,97.1,45.6,-261.2,4719.0
0.02210,97.1,45.6,-297.3,4707.6
0.02215,97.1,45.6,-294.9,4700.5
0.02220,97.1,45.6,-294.9,4700.5
0.02225,97.1,45.6,-301.7,4700.5
0.02230,97.1,45.6,-301.7,4647.6
0.02235,97.1,45.6,-301.7,4647.6
0.02240,97.1,45.6,-301.7,4663.2
0.02245,97.1,45.6,-341.7,4647.6
0.02250,97.1,45.6,-341.7,4647.6
0.02255,97.1,45.6,-326.1,4663.2
0.02260,97.1,45.6,-341.7,4678.9
0.02265,97.1,45.6,-341.7,4699.7
0.02270,97.1,45.6,-326.1,4695.9
0.02275,97.1,45.6,-326.1,4695.9
0.02280,97.1,45.6,-310.4,4695.9
0.02285,97.1,45.6,-310.4,4692.1
0.02290,97.1,45.6,-310.4,4692.1
0.02295,97.1,45.6,-308.5,4692.1
0.02300,97.1,45.6,-310.4,4688.3
0.02305,97.1,45.6,-310.4,4684.5
0.02310,97.1,45.6,-308.5,4680.7
0.02315,97.1,45.6,-308.5,4676.8
0.02320,97.1,45.6,-294.7,4673.0
0.02325,97.1,45.6,-308.5,4669.2
0.02330,97.1,45.6,-319.7,4665.4
0.02335,97.1,45.6,-307.3,4661.6
0.02340,97.1,45.6,-319.7,4657.8
0.02345,97.1,45.6,-331.3,4654.0
0.02350,97.1,45.6,-331.3,4650.2
0.02355,97.1,45.6,-331.3,4646.4
0.02360,97.1,45.6,-385.7,4642.6
0.02365,97.1,45.6,-385.7,4638.8
0.02370,97.1,45.6,-370.0,4635.0
0.02375,98.2,46.7,-385.7,4631.1
0.02380,99.6,48.0,-385.7,4627.3
0.02385,100.9,49.4,-370.0,4623.5
0.02390,101.1,49.6,-370.0,4619.7
0.02395,101.1,49.6,-354.3,4615.9
0.02400,101.1,49.6,-354.3,4612.1
0.02405,101.1,49.6,-354.3,4608.3
0.02410,101.1,49.6,-338.6,4608.3
0.02415,101.1,49.6,-338.6,4608.3
0.02420,101.1,49.6,-338.6,4608.3
0.02425,101.1,49.6,-330.8,4604.5
0.02430,101.1,49.6,-330.8,4599.3
0.02435,101.1,49.6,-323.0,4583.1
0.02440,101.1,49.6,-323.0,4583.1
0.02445,101.1,50.0,-330.8,4627.1
0.02450,101.1,51.4,-323.0,4627.1
0.02455,101.1,52.7,-330.8,4627.1
0.02460,101.1,53.5,-367.8,4616.0
0.02465,101.1,53.5,-367.8,4578.9
0.02470,101.1,53.5,-367.8,4616.0
0.02475,101.1,53.5,-400.1,4616.0
0.02480,101.1,53.5,-413.9,4616.0
0.02485,101.1,53.5,-400.1,4616.0
0.02490,101.1,53.5,-411.2,4604.9
0.02495,101.1,53.5,-411.2,4606.7
0.02500,101.1,53.5,-400.1,4606.7
0.02505,101.1,53.5,-400.1,4606.7
0.02510,101.1,53.5,-398.2,4688.1
0.02515,101.1,53.5,-398.2,4686.9
0.02520,101.1,53.5,-398.2,4686.9
0.02525,101.1,53.5,-382.6,4686.9
0.02530,101.1,53.5,-382.6,4685.9
0.02535,101.1,53.5,-366.9,4685.9
0.02540,101.1,53.5,-366.9,4685.9
0.02545,101.1,53.5,-382.6,4684.9
0.02550,101.1,53.5,-366.9,4683.9
0.02555,101.1,53.5,-366.9,4683.0
0.02560,101.1,53.5,-406.9,4682.0
0.02565,101.1,53.5,-406.9,4681.0
0.02570,101.1,53.5,-406.9,4680.0
0.02575,101.1,53.5,-406.9,4679.1
0.02580,101.1,53.5,-413.7,4678.1
0.02585,101.1,53.5,-413.7,4677.1
0.02590,101.1,53.5,-411.3,4676.1
0.02595,101.1,53.5,-447.4,4675.2
0.02600,101.1,53.5,-411.3,4674.2
0.02605,101.1,53.5,-411.3,4673.2
0.02610,101.1,53.5,-411.3,4672.2
0.02615,101.1,53.5,-411.3,4671.3
0.02620,101.1,53.5,-422.4,4670.3
0.02625,101.1,53.5,-422.4,4669.3
0.02630,101.1,53.5,-422.4,4668.3
0.02635,102.1,53.5,-422.4,4667.4
0.02640,103.5,53.5,-396.9,4666.4
0.02645,104.8,53.5,-422.4,4665.4
0.02650,105.1,53.5,-396.9,4664.4
0.02655,105.1,53.5,-396.9,4663.5
0.02660,105.1,53.5,-426.5,4615.8
0.02665,105.1,53.5,-426.5,4585.0
0.02670,105.1,53.5,-404.3,4585.0
0.02675,105.1,53.5,-404.3,4585.0
0.02680,106.5,53.5,-437.3,4583.3
0.02685,107.9,53.5,-437.3,4585.0
0.02690,109.0,53.5,-411.3,4593.6
0.02695,109.0,53.5,-437.3,4593.6
0.02700,109.0,53.5,-411.3,4600.7
0.02705,109.0,53.5,-411.3,4600.7
0.02710,109.0,53.5,-411.3,4604.7
0.02715,109.0,53.5,-411.3,4604.7
0.02720,109.0,53.5,-422.5,4593.6
0.02725,109.0,53.5,-422.5,4616.4
0.02730,109.0,53.5,-422.5,4593.6
0.02735,109.0,53.5,-422.5,4581.3
0.02740,109.0,53.5,-386.8,4581.3
0.02745,109.0,53.5,-422.5,4561.6
0.02750,109.0,53.5,-417.7,4558.2
0.02755,109.0,53.5,-417.7,4554.9
0.02760,109.0,53.5,-427.3,4554.9
0.02765,109.0,53.5,-427.3,4551.6
0.02770,109.0,53.5,-427.3,4551.4
0.02775,109.0,53.5,-427.3,4551.4
0.02780,109.0,53.5,-463.9,4551.4
0.02785,109.0,53.5,-463.9,4548.2
0.02790,109.0,53.5,-448.2,4544.9
0.02795,109.0,53.5,-463.9,4541.6
0.02800,109.0,53.5,-463.9,4538.2
0.02805,109.0,53.5,-448.2,4534.9
0.02810,109.0,53.5,-448.2,4531.6
0.02815,109.0,53.5,-432.5,4528.2
0.02820,109.0,53.5,-433.7,4524.9
0.02825,109.0,53.5,-433.7,4521.6
0.02830,109.0,53.5,-432.5,4518.2
0.02835,109.0,53.5,-432.5,4514.9
0.02840,109.0,53.5,-422.5,4511.6
0.02845,109.0,53.5,-422.5,4508.2
0.02850,109.0,53.5,-433.7,4504.9
0.02855,109.0,53.5,-417.2,4501.6
0.02860,109.0,53.5,-433.7,4498.2
0.02865,109.0,54.2,-463.7,4494.9
0.02870,109.0,55.5,-463.7,4491.6
0.02875,109.0,56.9,-463.7,4488.2
0.02880,109.0,57.5,-502.9,4484.9
0.02885,109.0,57.5,-507.8,4484.9
0.02890,109.0,57.5,-502.9,4484.9
0.02895,110.0,57.5,-507.8,4484.9
0.02900,111.3,57.5,-507.8,4484.9
0.02905,112.7,57.5,-502.9,4490.9
0.02910,113.0,58.6,-502.9,4497.2
0.02915,113.0,59.9,-492.1,4512.8
0.02920,113.0,61.3,-492.1,4512.8
0.02925,113.0,61.4,-476.5,4525.0
0.02930,113.0,61.4,-476.5,4525.0
0.02935,113.0,61.4,-492.1,4512.8
0.02940,113.0,61.4,-476.5,4512.8
0.02945,113.0,61.4,-476.5,4525.0
0.02950,113.0,61.4,-495.6,4524.2
0.02955,113.0,61.4,-495.6,4484.6
0.02960,113.0,61.4,-495.6,4484.6
0.02965,113.0,61.4,-495.6,4513.1
0.02970,113.0,61.4,-519.2,4484.6
0.02975,113.0,61.4,-519.2,4513.1
0.02980,113.0,61.4,-503.0,4524.2
0.02985,113.0,61.4,-536.1,4535.1
0.02990,113.0,61.4,-503.0,4549.2
0.02995,113.0,61.4,-503.0,4549.2
0.03000,113.0,61.4,-503.0,4549.2
0.03005,113.0,61.4,-503.0,4544.9
0.03010,113.0,61.4,-514.1,4544.9
0.03015,113.0,61.4,-514.1,4544.9
0.03020,113.0,61.4,-514.1,4540.6
0.03025,113.0,61.4,-514.1,4536.3
0.03030,113.0,61.4,-485.6,4532.0
0.03035,113.0,61.4,-514.1,4527.7
0.03040,113.0,61.4,-485.6,4523.5
0.03045,113.0,61.4,-485.6,4519.2
0.03050,113.0,61.4,-525.2,4514.9
0.03055,113.0,61.4,-526.0,4510.6
0.03060,113.0,61.4,-513.8,4506.3
0.03065,113.0,61.4,-513.8,4502.0
0.03070,113.0,61.4,-526.0,4497.7
0.03075,113.0,61.4,-526.0,4493.5
0.03080,113.0,61.4,-513.8,4489.2
0.03085,113.0,61.4,-526.0,4484.9
0.03090,113.0,61.4,-513.8,4480.6
0.03095,113.0,61.4,-513.8,4476.3
0.03100,113.0,61.4,-513.8,4472.0
0.03105,113.0,61.4,-503.0,4467.8
0.03110,113.0,61.4,-503.0,4463.5
0.03115,113.0,61.4,-498.1,4459.2
0.03120,113.0,61.4,-503.0,4454.9
0.03125,113.0,61.4,-514.2,4450.6
0.03130,113.0,61.4,-500.3,4446.3
0.03135,113.0,61.4,-514.2,4446.3
0.03140,114.4,61.4,-532.7,4442.1
0.03145,117.2,61.4,-532.7,4432.7
0.03150,119.9,61.4,-532.7,4432.7
0.03155,120.9,61.4,-583.4,4422.8
0.03160,120.9,61.4,-583.4,4422.8
0.03165,120.9,61.4,-573.4,4431.5
0.03170,120.9,61.4,-583.4,4431.5
0.03175,120.9,61.4,-583.4,4432.7
0.03180,120.9,61.4,-573.4,4432.7
0.03185,120.9,61.4,-573.4,4447.2
0.03190,120.9,61.4,-557.8,4447.2
0.03195,120.9,61.4,-557.8,4442.0
0.03200,120.9,61.4,-542.1,4442.0
0.03205,120.9,61.4,-542.1,4447.2
0.03210,120.9,61.4,-557.8,4447.2
0.03215,120.9,61.4,-542.1,4453.8
0.03220,120.9,61.4,-542.1,4453.8
0.03225,120.9,61.4,-578.6,4451.2
0.03230,120.9,61.4,-578.6,4446.9
0.03235,120.9,61.4,-578.6,4446.9
0.03240,120.9,61.4,-578.6,4446.9
0.03245,120.9,61.4,-588.2,4446.9
0.03250,120.9,61.4,-588.2,4442.6
0.03255,120.9,61.4,-583.5,4438.3
0.03260,120.9,61.4,-619.1,4434.1
0.03265,120.9,61.4,-583.5,4429.8
0.03270,120.9,61.4,-583.5,4425.5
0.03275,120.9,61.4,-583.5,4421.2
0.03280,120.9,61.4,-583.5,4416.9
0.03285,120.9,61.4,-583.5,4412.6
0.03290,120.9,61.4,-552.9,4408.3
0.03295,120.9,61.4,-583.5,4404.1
0.03300,120.9,62.4,-555.8,4399.8
0.03305,120.9,63.8,-555.8,4395.5
0.03310,120.9,65.2,-593.4,4391.2
0.03315,120.9,65.4,-593.4,4386.9
0.03320,120.9,65.4,-593.4,4382.6
0.03325,120.9,65.4,-593.4,4378.4
0.03330,120.9,65.4,-595.1,4374.1
0.03335,120.9,65.4,-595.1,4369.8
0.03340,120.9,65.4,-593.4,4365.5
0.03345,120.9,65.4,-595.1,4361.2
0.03350,120.9,65.4,-595.1,4356.9
0.03355,120.9,65.6,-583.6,4352.6
0.03360,120.9,67.0,-583.6,4348.4
0.03365,120.9,68.4,-579.4,4348.4
0.03370,121.3,69.4,-579.4,4348.4
0.03375,122.6,69.4,-572.4,4348.4
0.03380,124.0,69.4,-572.4,4344.1
0.03385,124.9,69.4,-583.6,4335.2
0.03390,124.9,69.4,-567.7,4318.9
0.03395,124.9,69.4,-583.6,4318.9
0.03400,124.9,69.4,-611.3,4363.3
0.03405,124.9,69.4,-611.3,4363.3
0.03410,124.9,69.4,-611.3,4363.3
0.03415,124.9,69.4,-652.8,4352.2
0.03420,124.9,69.4,-654.7,4350.2
0.03425,124.9,69.4,-652.8,4352.2
0.03430,124.9,69.4,-654.7,4363.3
0.03435,124.9,69.4,-654.7,4390.3
0.03440,124.9,69.4,-652.8,4363.3
0.03445,124.9,69.4,-639.0,4352.2
0.03450,124.9,69.4,-630.3,4369.7
0.03455,124.9,69.4,-639.0,4369.7
0.03460,124.9,69.4,-630.3,4390.3
0.03465,124.9,69.4,-630.3,4402.0
0.03470,124.9,69.4,-639.0,4395.0
0.03475,124.9,69.4,-630.3,4390.3
0.03480,124.9,69.4,-630.3,4388.0
0.03485,124.9,69.4,-661.1,4388.0
0.03490,124.9,69.4,-670.1,4388.0
0.03495,124.9,69.4,-670.1,4388.0
0.03500,124.9,69.4,-661.1,4381.1
0.03505,124.9,69.4,-683.8,4374.1
0.03510,124.9,69.4,-683.8,4367.1
0.03515,124.9,69.4,-652.9,4360.2
0.03520,124.9,69.4,-686.5,4353.2
0.03525,124.9,69.4,-652.9,4346.3
0.03530,124.9,69.4,-641.8,4339.3
0.03535,124.9,69.4,-604.6,4332.3
0.03540,124.9,69.4,-641.8,4325.4
0.03545,124.9,69.4,-643.9,4318.4
0.03550,124.9,69.4,-643.9,4311.4
0.03555,124.9,69.4,-645.1,4304.5
0.03560,125.8,69.4,-645.1,4297.5
0.03565,127.2,69.4,-645.1,4290.6
0.03570,128.5,69.4,-645.1,4283.6
0.03575,128.8,69.4,-692.1,4276.6
0.03580,128.8,69.4,-692.1,4269.7
0.03585,128.8,69.4,-676.4,4263.2
0.03590,128.8,69.4,-692.1,4263.2
0.03595,128.8,69.4,-692.1,4263.2
0.03600,128.8,69.4,-676.4,4262.7
0.03605,130.2,69.4,-660.7,4261.8
0.03610,131.6,69.4,-660.7,4261.8
0.03615,132.8,69.4,-676.4,4263.2
0.03620,132.8,69.4,-660.7,4284.7
0.03625,132.8,69.4,-660.7,4284.7
0.03630,132.8,69.4,-699.9,4284.7
0.03635,132.8,69.4,-660.7,4261.8
0.03640,132.8,69.4,-699.9,4261.8
0.03645,132.8,69.4,-707.8,4305.0
0.03650,132.8,69.4,-713.5,4305.0
0.03655,132.8,69.4,-713.5,4305.0
0.03660,132.8,69.4,-713.5,4305.0
0.03665,132.8,69.4,-742.5,4305.0
0.03670,132.8,69.4,-713.5,4305.0
0.03675,132.8,69.4,-722.2,4305.0
0.03680,132.8,69.4,-736.0,4305.0
0.03685,132.8,69.4,-722.2,4305.0
0.03690,132.8,69.4,-711.1,4352.9
0.03695,132.8,69.4,-682.0,4352.9
0.03700,132.8,69.4,-711.1,4331.0
0.03705,132.8,69.4,-682.0,4331.0
0.03710,132.8,69.4,-682.0,4331.0
0.03715,132.8,69.4,-722.2,4348.2
0.03720,132.8,70.6,-722.5,4352.0
0.03725,132.8,71.9,-713.8,4352.0
0.03730,132.8,73.3,-713.8,4348.2
0.03735,132.8,73.3,-722.5,4345.0
0.03740,132.8,73.3,-722.5,4345.0
0.03745,132.8,73.3,-713.8,4345.0
0.03750,132.8,73.3,-722.5,4338.0
0.03755,132.8,73.3,-713.8,4331.1
0.03760,132.8,73.6,-700.0,4324.1
0.03765,132.8,75.0,-698.1,4317.1
0.03770,132.8,76.3,-698.1,4310.2
0.03775,132.8,77.3,-700.0,4303.2
0.03780,132.8,77.3,-698.1,4296.3
0.03785,132.8,77.3,-700.0,4289.3
0.03790,132.8,77.3,-729.7,4282.3
0.03795,132.8,77.3,-696.8,4275.4
0.03800,132.8,77.3,-729.7,4268.4
0.03805,132.8,75.9,-743.3,4261.4
0.03810,132.8,75.9,-782.7,4254.5
0.03815,132.8,75.9,-782.7,4247.5
0.03820,133.7,75.9,-795.4,4240.6
0.03825,135.0,75.9,-795.4,4233.6
0.03830,136.4,76.6,-782.7,4226.6
0.03835,136.8,77.3,-782.7,4219.7
0.03840,136.8,77.3,-782.7,4219.7
0.03845,136.8,77.3,-782.7,4219.7
0.03850,136.8,77.3,-773.4,4219.7
0.03855,136.8,77.3,-773.1,4219.7
0.03860,136.8,77.3,-773.1,4212.7
0.03865,136.8,77.3,-743.8,4205.7
0.03870,136.8,77.3,-743.8,4220.7
0.03875,136.8,77.3,-773.1,4233.9
0.03880,136.8,77.3,-799.9,4233.9
0.03885,136.8,77.3,-799.9,4253.8
0.03890,136.8,77.3,-773.1,4253.8
0.03895,136.8,77.3,-799.9,4253.8
0.03900,136.8,77.3,-799.9,4253.8
0.03905,136.8,77.3,-758.2,4253.8
0.03910,136.8,77.3,-758.2,4257.8
0.03915,136.8,77.3,-758.2,4257.8
0.03920,136.8,77.3,-758.2,4223.3
0.03925,136.8,77.3,-735.5,4223.3
0.03930,136.8,77.3,-758.2,4223.3
0.03935,136.8,77.3,-770.6,4223.3
0.03940,136.8,77.3,-758.5,4223.3
0.03945,136.8,77.3,-770.6,4261.3
0.03950,137.6,77.3,-784.2,4261.3
0.03955,139.0,77.3,-826.4,4253.8
0.03960,140.3,77.3,-784.2,4253.8
0.03965,140.7,77.3,-826.4,4253.8
0.03970,140.7,77.3,-826.4,4253.8
0.03975,140.7,77.3,-810.7,4246.3
0.03980,140.7,77.3,-810.7,4238.8
0.03985,140.7,77.3,-810.7,4231.3
0.03990,140.7,77.3,-810.7,4223.8
0.03995,140.7,77.3,-805.5,4216.3
0.04000,140.7,77.3,-805.5,4208.8
0.04005,140.7,77.3,-810.7,4201.3
0.04010,140.7,77.3,-805.5,4193.8
0.04015,140.7,77.3,-805.5,4186.3
0.04020,140.9,77.3,-836.6,4178.8
0.04025,142.3,77.3,-842.3,4171.3
0.04030,143.7,77.3,-842.3,4163.8
0.04035,144.7,77.3,-836.6,4156.3
0.04040,144.7,77.3,-856.0,4148.8
0.04045,144.7,77.3,-856.0,4141.3
0.04050,144.7,77.3,-816.4,4133.8
0.04055,144.7,77.3,-816.4,4126.3
0.04060,144.7,77.3,-816.4,4118.8
0.04065,144.7,77.3,-811.5,4118.8
0.04070,144.7,77.3,-785.7,4118.8
0.04075,144.7,77.3,-811.5,4118.8
0.04080,144.7,77.3,-811.5,4111.3
0.04085,144.7,77.3,-811.5,4111.3
0.04090,144.7,77.3,-820.2,4120.2
0.04095,144.7,77.3,-825.1,4120.2
0.04100,144.7,77.3,-863.8,4120.4
0.04105,144.7,77.3,-825.1,4125.5
0.04110,144.7,78.4,-863.8,4137.3
0.04115,144.7,79.8,-863.8,4141.2
0.04120,144.7,81.1,-848.1,4141.2
0.04125,144.7,81.3,-848.1,4153.4
0.04130,144.7,81.3,-863.8,4153.4
0.04135,144.7,81.3,-863.8,4141.2
0.04140,144.7,81.3,-848.1,4153.4
0.04145,144.7,81.3,-848.1,4153.4
0.04150,144.7,81.4,-867.3,4122.8
0.04155,144.7,82.8,-848.1,4110.6
0.04160,144.7,84.2,-867.3,4110.6
0.04165,144.7,85.2,-883.2,4122.8
0.04170,144.7,85.2,-896.9,4122.8
0.04175,144.7,85.2,-896.9,4164.7
0.04180,144.7,85.2,-896.9,4170.1
0.04185,144.7,85.2,-900.1,4170.1
0.04190,144.7,85.2,-896.9,4179.1
0.04195,144.7,85.2,-874.6,4186.1
0.04200,144.7,85.2,-874.6,4197.1
0.04205,144.7,85.2,-874.6,4197.1
0.04210,144.7,85.2,-868.0,4190.4
0.04215,144.7,85.2,-866.3,4190.4
0.04220,144.7,85.2,-868.0,4190.4
0.04225,145.6,85.2,-868.0,4190.4
0.04230,147.0,85.2,-868.0,4182.9
0.04235,148.3,85.2,-868.0,4175.4
0.04240,148.7,85.2,-916.8,4167.9
0.04245,148.7,85.2,-916.8,4160.4
0.04250,148.7,85.2,-901.1,4152.9
0.04255,148.7,85.2,-901.1,4145.4
0.04260,148.7,85.2,-913.3,4137.9
0.04265,148.7,85.2,-913.3,4130.4
0.04270,148.7,85.2,-901.1,4122.9
0.04275,148.7,85.2,-901.1,4115.4
0.04280,148.7,85.2,-913.3,4107.9
0.04285,148.7,85.2,-901.1,4100.4
0.04290,148.7,85.2,-913.3,4092.9
0.04295,148.7,85.2,-935.2,4085.4
0.04300,148.7,85.2,-945.6,4077.9
0.04305,148.7,85.2,-945.6,4070.4
0.04310,148.7,85.2,-945.6,4062.9
0.04315,148.7,85.2,-948.9,4055.4
0.04320,148.7,85.2,-948.9,4055.4
0.04325,149.2,85.2,-921.7,4055.4
0.04330,150.6,85.2,-921.7,4055.4
0.04335,152.0,85.2,-921.7,4047.9
0.04340,152.6,85.2,-904.4,4047.9
0.04345,152.6,85.2,-894.8,4075.8
0.04350,152.6,85.2,-904.4,4075.8
0.04355,152.6,85.2,-904.4,4075.8
0.04360,152.6,85.2,-904.4,4075.8
0.04365,152.6,85.2,-918.1,4075.8
0.04370,152.6,85.2,-928.1,4075.8
0.04375,152.6,85.2,-954.2,4061.2
0.04380,152.6,85.2,-928.1,4061.2
0.04385,152.6,85.2,-928.1,4035.1
0.04390,152.6,85.2,-954.2,4035.1
0.04395,152.6,85.2,-954.2,4055.5
0.04400,152.6,85.2,-954.2,4055.5
0.04405,152.6,85.2,-959.4,4061.2
0.04410,152.7,85.2,-959.4,4061.2
0.04415,154.1,85.2,-954.2,4061.2
0.04420,155.5,85.2,-959.4,4082.1
0.04425,156.6,85.2,-987.3,4094.3
0.04430,156.6,85.2,-991.2,4094.3
0.04435,156.6,85.2,-991.2,4094.3
0.04440,156.6,85.2,-991.2,4088.4
0.04445,156.6,85.2,-1000.9,4088.4
0.04450,156.6,85.2,-1000.9,4088.4
0.04455,156.6,85.8,-968.8,4080.9
0.04460,156.6,87.1,-968.8,4073.4
0.04465,156.6,88.5,-968.8,4065.9
0.04470,156.6,89.2,-956.4,4058.4
0.04475,156.6,89.2,-940.4,4050.9
0.04480,156.6,89.2,-956.4,4043.4
0.04485,156.6,89.2,-956.4,4035.9
0.04490,156.6,89.2,-956.4,4028.4
0.04495,156.6,89.2,-970.1,4020.9
0.04500,156.6,90.2,-974.1,4013.4
0.04505,156.6,91.6,-1007.2,4005.9
0.04510,156.6,92.9,-974.1,3998.4
0.04515,156.6,93.2,-974.1,3990.9
0.04520,156.6,93.2,-1005.5,3983.4
0.04525,156.6,93.2,-1005.5,3975.9
0.04530,156.6,93.2,-1005.5,3968.4
0.04535,156.6,93.2,-1007.2,3960.9
0.04540,156.6,93.2,-1007.2,3953.4
0.04545,156.6,93.2,-1005.5,3945.9
0.04550,156.6,93.2,-1005.5,3945.9
0.04555,156.6,93.2,-1036.8,3945.9
0.04560,156.6,93.2,-1039.3,3945.9
0.04565,156.6,93.2,-1039.3,3938.4
0.04570,156.6,93.2,-1036.8,3938.4
0.04575,156.6,93.2,-1052.9,3974.3
0.04580,156.6,93.2,-1052.9,3974.3
0.04585,157.1,93.2,-1015.9,3974.3
0.04590,158.5,93.2,-1015.9,4020.0
0.04595,159.8,93.2,-1015.9,3974.3
0.04600,161.2,93.2,-1015.9,3973.5
0.04605,162.6,93.2,-1004.5,3973.5
0.04610,164.0,93.2,-1015.9,3973.5
0.04615,164.5,93.2,-1023.0,3971.7
0.04620,164.5,93.2,-1023.0,3929.0
0.04625,164.5,93.2,-1023.0,3971.7
0.04630,164.5,93.2,-1075.9,3929.0
0.04635,164.5,93.2,-1075.9,3929.0
0.04640,164.5,93.2,-1060.3,3944.7
0.04645,164.5,93.2,-1060.3,3944.7
0.04650,164.5,93.2,-1060.3,3944.7
0.04655,164.5,93.2,-1060.3,3998.2
0.04660,164.5,93.2,-1051.6,3998.2
0.04665,164.5,93.2,-1051.6,3998.2
0.04670,164.5,93.2,-1060.3,3990.2
0.04675,164.5,93.2,-1051.6,3990.2
0.04680,164.5,93.2,-1051.6,3990.2
0.04685,164.5,93.2,-1082.3,3982.1
0.04690,164.5,93.2,-1091.3,3974.1
0.04695,164.5,93.2,-1091.3,3966.1
0.04700,164.5,93.2,-1082.3,3958.0
0.04705,164.5,93.2,-1082.3,3950.0
0.04710,164.5,93.2,-1105.0,3942.0
0.04715,164.5,93.2,-1071.6,3933.9
0.04720,164.5,93.2,-1071.6,3925.9
0.04725,164.5,93.2,-1071.6,3917.9
0.04730,164.5,93.2,-1071.6,3909.9
0.04735,164.5,93.2,-1050.6,3901.8
0.04740,164.5,93.2,-1071.6,3893.8
0.04745,164.5,93.2,-1085.3,3885.8
0.04750,164.5,93.2,-1129.0,3877.7
0.04755,164.5,93.2,-1085.3,3869.7
0.04760,165.4,93.2,-1085.3,3861.7
0.04765,166.8,93.2,-1085.3,3853.6
0.04770,168.2,93.2,-1085.3,3845.6
0.04775,169.6,93.2,-1081.9,3845.6
0.04780,170.9,93.2,-1110.0,3845.6
0.04785,172.3,93.2,-1110.0,3837.7
0.04790,172.4,94.4,-1081.9,3837.6
0.04795,172.4,95.8,-1081.9,3837.6
0.04800,172.4,97.1,-1110.0,3837.7
0.04805,172.4,97.1,-1138.1,3853.0
0.04810,172.4,97.1,-1138.1,3853.0
0.04815,172.4,97.3,-1110.0,3859.1
0.04820,172.4,98.6,-1110.0,3870.2
0.04825,172.4,100.0,-1138.1,3859.1
0.04830,172.4,101.1,-1134.8,3859.1
0.04835,172.4,101.1,-1134.8,3898.2
0.04840,172.4,101.1,-1134.8,3859.1
0.04845,172.4,101.1,-1134.8,3856.5
0.04850,172.4,101.1,-1091.1,3856.5
0.04855,172.4,101.1,-1134.8,3856.5
0.04860,172.4,101.1,-1148.4,3856.1
0.04865,172.4,101.1,-1169.4,3816.4
0.04870,172.4,101.1,-1148.4,3856.1
0.04875,172.4,101.1,-1148.4,3856.5
0.04880,172.4,101.1,-1148.4,3856.5
0.04885,172.4,101.1,-1148.4,3900.2
0.04890,172.4,101.1,-1115.1,3908.0
0.04895,172.4,101.1,-1137.7,3908.0
0.04900,172.4,101.1,-1137.7,3921.8
0.04905,172.4,101.1,-1128.7,3922.8
0.04910,172.4,101.1,-1128.7,3922.8
0.04915,172.4,101.1,-1137.7,3921.8
0.04920,172.4,101.1,-1168.5,3911.2
0.04925,172.4,101.1,-1168.5,3911.2
0.04930,172.4,101.1,-1159.8,3911.2
0.04935,173.8,101.1,-1159.8,3899.5
0.04940,175.2,101.1,-1168.5,3887.9
0.04945,176.5,101.1,-1168.5,3876.3
0.04950,177.9,101.1,-1168.5,3864.6
0.04955,179.3,101.1,-1197.9,3853.0
0.04960,180.4,101.1,-1197.9,3841.4
0.04965,180.4,101.1,-1159.8,3829.8
0.04970,180.4,101.1,-1197.9,3818.1
0.04975,180.4,101.1,-1199.8,3806.5
0.04980,180.4,101.1,-1211.6,3794.9
0.04985,180.4,101.1,-1211.6,3783.2
0.04990,180.4,101.1,-1211.6,3771.6
0.04995,180.4,101.1,-1211.6,3760.0
0.05000,180.4,101.1,-1211.6,3748.3
0.05005,180.4,101.1,-1178.2,3737.0
0.05010,180.4,101.1,-1178.2,3737.0
0.05015,180.4,101.1,-1178.2,3737.0
0.05020,180.4,101.1,-1178.2,3736.7
0.05025,180.4,101.1,-1178.2,3736.7
0.05030,180.4,101.1,-1191.9,3737.0
0.05035,180.4,101.1,-1198.9,3738.8
0.05040,180.4,101.1,-1228.5,3754.1
0.05045,180.4,101.1,-1198.9,3754.1
0.05050,180.4,101.1,-1198.9,3760.8
0.05055,180.4,101.1,-1228.5,3761.1
0.05060,180.4,101.1,-1228.5,3761.1
0.05065,180.4,101.1,-1228.5,3790.4
0.05070,180.4,101.1,-1230.2,3790.4
0.05075,180.4,101.1,-1230.2,3761.1
0.05080,180.4,101.1,-1228.5,3734.3
0.05085,180.4,101.1,-1230.2,3734.3
0.05090,180.4,101.3,-1261.0,3761.1
0.05095,180.4,102.7,-1261.8,3734.3
0.05100,180.4,104.1,-1261.8,3734.3
0.05105,181.1,105.1,-1261.8,3776.0
0.05110,183.9,105.1,-1261.8,3776.0
0.05115,186.6,105.1,-1274.7,3787.7
0.05120,188.3,105.6,-1241.3,3796.3
0.05125,188.3,107.0,-1241.3,3797.1
0.05130,188.3,108.3,-1241.3,3797.1
0.05135,188.3,109.0,-1241.3,3797.1
0.05140,188.3,109.0,-1229.3,3797.1
0.05145,188.3,109.0,-1241.3,3796.3
0.05150,188.3,109.0,-1243.9,3791.6
0.05155,188.3,109.0,-1244.9,3787.7
0.05160,188.3,109.0,-1244.9,3781.1
0.05165,188.3,109.0,-1244.9,3770.7
0.05170,188.3,109.0,-1255.0,3760.3
0.05175,188.3,109.0,-1255.0,3749.9
0.05180,188.3,109.0,-1246.4,3739.5
0.05185,188.3,109.0,-1271.5,3729.1
0.05190,188.3,109.0,-1271.5,3718.7
0.05195,188.3,109.0,-1301.1,3708.3
0.05200,188.3,109.0,-1301.1,3697.9
0.05205,188.3,109.0,-1274.9,3687.5
0.05210,188.3,109.0,-1274.9,3677.1
0.05215,188.3,109.0,-1301.1,3666.7
0.05220,188.3,109.0,-1301.1,3656.3
0.05225,188.3,109.0,-1301.1,3645.9
0.05230,188.3,109.0,-1315.6,3635.5
0.05235,188.3,109.0,-1315.6,3625.1
0.05240,188.3,109.0,-1274.9,3625.1
0.05245,188.3,109.0,-1315.6,3625.1
0.05250,188.3,109.0,-1329.3,3621.0
0.05255,188.3,109.0,-1332.4,3621.0
0.05260,188.3,109.0,-1329.3,3621.0
0.05265,189.6,109.0,-1329.3,3623.4
0.05270,192.3,109.0,-1329.3,3637.0
0.05275,195.1,109.0,-1329.3,3637.0
0.05280,196.2,109.0,-1295.9,3638.1
0.05285,196.2,109.0,-1299.2,3684.3
0.05290,196.2,109.0,-1299.2,3684.3
0.05295,196.2,109.0,-1299.2,3689.2
0.05300,196.2,109.0,-1299.2,3689.2
0.05305,196.2,109.0,-1309.6,3684.3
0.05310,196.2,109.0,-1309.6,3684.3
0.05315,196.2,109.0,-1331.5,3673.5
0.05320,196.2,109.0,-1331.5,3673.5
0.05325,196.2,109.0,-1331.5,3645.2
0.05330,196.2,109.0,-1347.1,3645.2
0.05335,196.2,109.0,-1347.1,3667.1
0.05340,196.2,109.0,-1347.1,3667.1
0.05345,196.2,109.0,-1377.7,3662.5
0.05350,196.2,109.0,-1377.7,3667.1
0.05355,196.2,109.0,-1389.9,3667.1
0.05360,196.2,109.0,-1389.9,3675.4
0.05365,196.2,109.0,-1377.7,3683.6
0.05370,196.2,109.0,-1377.7,3683.6
0.05375,196.2,109.0,-1403.3,3683.6
0.05380,196.2,109.5,-1370.2,3675.4
0.05385,196.2,110.9,-1370.2,3673.8
0.05390,196.2,112.2,-1370.2,3673.8
0.05395,196.2,113.0,-1370.2,3664.0
0.05400,196.2,113.0,-1346.2,3654.3
0.05405,196.2,113.0,-1370.2,3644.5
0.05410,197.0,113.7,-1372.7,3634.7
0.05415,198.4,115.1,-1372.7,3624.9
0.05420,199.7,116.5,-1372.7,3615.1
0.05425,201.1,116.9,-1372.7,3605.3
0.05430,202.5,116.9,-1383.8,3595.5
0.05435,203.8,116.9,-1383.8,3585.7
0.05440,204.2,116.9,-1375.3,3575.9
0.05445,204.2,116.9,-1387.4,3566.1
0.05450,204.2,116.9,-1387.4,3556.3
0.05455,204.2,116.9,-1418.0,3546.5
0.05460,204.2,116.9,-1418.0,3536.7
0.05465,204.2,116.9,-1405.8,3526.9
0.05470,204.2,116.9,-1405.8,3517.2
0.05475,204.2,116.9,-1418.0,3517.2
0.05480,204.2,116.9,-1418.0,3516.5
0.05485,204.2,116.9,-1418.0,3507.9
0.05490,204.2,116.9,-1444.4,3507.9
0.05495,204.2,116.9,-1444.4,3507.9
0.05500,204.2,116.9,-1405.8,3516.5
0.05505,204.2,116.9,-1444.4,3516.5
0.05510,204.2,116.9,-1447.0,3518.9
0.05515,204.2,116.9,-1447.0,3558.0
0.05520,204.2,116.9,-1447.0,3558.0
0.05525,204.2,116.9,-1447.0,3558.0
0.05530,204.2,116.9,-1447.0,3605.7
0.05535,204.2,116.9,-1447.0,3558.0
0.05540,204.2,116.9,-1447.0,3557.9
0.05545,204.2,116.9,-1447.0,3557.9
0.05550,204.2,116.9,-1447.0,3557.9
0.05555,205.0,116.9,-1438.4,3555.4
0.05560,206.4,116.9,-1448.4,3514.8
0.05565,207.8,116.9,-1448.4,3555.4
0.05570,209.2,116.9,-1448.4,3555.4
0.05575,210.5,116.9,-1449.5,3549.2
0.05580,211.9,116.9,-1449.5,3555.4
0.05585,212.1,116.9,-1448.4,3556.3
0.05590,212.1,116.9,-1475.7,3556.3
0.05595,212.1,116.9,-1475.7,3562.3
0.05600,212.1,116.9,-1475.7,3562.3
0.05605,212.1,116.9,-1493.6,3562.3
0.05610,212.1,116.9,-1493.6,3556.3
0.05615,212.1,116.9,-1493.6,3552.6
0.05620,212.1,116.9,-1520.2,3552.6
0.05625,212.1,116.9,-1510.1,3542.8
0.05630,212.1,116.9,-1510.1,3533.0
0.05635,212.1,116.9,-1520.2,3523.2
0.05640,212.1,117.3,-1520.2,3513.4
0.05645,212.1,118.7,-1520.2,3503.6
0.05650,212.1,120.1,-1521.2,3493.8
0.05655,212.1,120.9,-1512.7,3484.0
0.05660,212.1,120.9,-1512.7,3474.2
0.05665,212.1,120.9,-1512.7,3464.4
0.05670,212.1,121.6,-1512.7,3454.6
0.05675,212.1,123.0,-1512.7,3444.8
0.05680,212.1,124.3,-1512.7,3435.0
0.05685,212.1,124.9,-1512.7,3425.2
0.05690,212.1,124.9,-1515.2,3415.5
0.05695,212.1,124.9,-1515.2,3405.7
0.05700,213.1,124.9,-1515.2,3395.9
0.05705,214.5,124.9,-1519.2,3395.9
0.05710,215.8,124.9,-1519.2,3390.3
0.05715,217.2,124.9,-1519.2,3386.1
0.05720,218.6,124.9,-1534.9,3386.1
0.05725,218.6,124.9,-1534.9,3386.1
0.05730,218.6,124.9,-1534.9,3390.3
0.05735,218.6,124.9,-1564.0,3398.9
0.05740,218.6,124.9,-1564.0,3406.9
0.05745,216.0,125.9,-1564.0,3413.9
0.05750,216.0,125.9,-1581.9,3413.9
0.05755,216.0,125.9,-1581.9,3418.0
0.05760,216.0,125.9,-1598.0,3456.9
0.05765,216.0,125.9,-1598.0,3418.0
0.05770,220.0,124.9,-1581.9,3415.7
0.05775,220.0,124.9,-1581.9,3415.7
0.05780,220.0,124.9,-1598.0,3415.7
0.05785,220.0,124.9,-1589.5,3415.7
0.05790,220.0,124.9,-1589.5,3398.3
0.05795,220.0,124.9,-1589.5,3415.7
0.05800,220.0,124.9,-1578.3,3415.7
0.05805,220.0,124.9,-1549.6,3415.7
0.05810,220.0,124.9,-1578.3,3433.2
0.05815,220.0,124.9,-1578.3,3434.0
0.05820,220.0,124.9,-1578.3,3434.0
0.05825,220.0,124.9,-1578.3,3446.0
0.05830,220.0,124.9,-1578.3,3446.0
0.05835,220.0,124.9,-1580.9,3446.0
0.05840,220.0,124.9,-1580.9,3442.5
0.05845,222.2,124.9,-1580.9,3434.0
0.05850,225.0,124.9,-1605.7,3433.2
0.05855,227.7,124.9,-1605.7,3432.1
0.05860,227.9,124.9,-1605.7,3421.7
0.05865,227.9,124.9,-1621.4,3411.3
0.05870,227.9,124.9,-1621.4,3400.9
0.05875,227.9,124.9,-1621.4,3390.5
0.05880,227.9,124.9,-1652.2,3380.1
0.05885,227.9,124.9,-1652.2,3369.7
0.05890,227.9,124.9,-1652.2,3359.3
0.05895,227.9,124.9,-1661.2,3348.9
0.05900,227.9,125.2,-1652.6,3338.5
0.05905,227.9,126.6,-1652.6,3328.1
0.05910,227.9,127.9,-1663.7,3317.7
0.05915,227.9,129.3,-1663.7,3307.3
0.05920,227.9,130.7,-1663.7,3296.9
0.05925,227.9,132.1,-1663.7,3286.5
0.05930,227.9,132.8,-1655.1,3276.1
0.05935,227.9,132.8,-1655.1,3272.7
0.05940,227.9,132.8,-1655.1,3265.7
0.05945,227.9,132.8,-1655.1,3264.2
0.05950,227.9,132.8,-1655.1,3264.2
0.05955,227.9,132.8,-1655.1,3264.2
0.05960,227.9,132.8,-1655.1,3264.2
0.05965,227.9,132.8,-1657.7,3272.7
0.05970,227.9,132.8,-1657.7,3272.7
0.05975,229.0,132.8,-1657.7,3281.3
0.05980,230.4,132.8,-1676.6,3300.3
0.05985,231.8,132.8,-1676.6,3300.3
0.05990,233.1,132.8,-1676.6,3328.4
0.05995,234.5,132.8,-1692.3,3328.4
0.06000,235.9,132.8,-1692.3,3300.3
0.06005,235.9,132.8,-1692.3,3300.3
0.06010,235.9,132.8,-1722.6,3282.4
0.06015,235.9,132.8,-1722.6,3282.4
0.06020,235.9,132.8,-1722.6,3256.6
0.06025,235.9,132.8,-1738.0,3256.6
0.06030,235.9,132.8,-1729.4,3282.4
0.06035,235.9,132.8,-1729.4,3282.4
0.06040,235.9,132.8,-1740.5,3304.0
0.06045,235.9,132.8,-1730.8,3312.6
0.06050,235.9,132.8,-1730.8,3312.6
0.06055,235.9,132.8,-1730.8,3318.7
0.06060,235.9,132.8,-1730.8,3318.7
0.06065,235.9,132.8,-1730.8,3318.7
0.06070,235.9,132.8,-1730.8,3312.6
0.06075,235.9,132.8,-1730.8,3310.0
0.06080,235.9,132.8,-1730.8,3304.0
0.06085,235.9,132.8,-1730.8,3300.2
0.06090,235.9,132.8,-1720.8,3290.4
0.06095,235.9,132.8,-1731.9,3280.6
0.06100,235.9,132.8,-1731.9,3270.8
0.06105,238.0,132.8,-1723.4,3261.0
0.06110,240.7,132.8,-1732.3,3251.2
0.06115,243.4,132.8,-1732.3,3241.4
0.06120,243.8,132.8,-1732.3,3231.6
0.06125,243.8,132.8,-1763.1,3221.8
0.06130,243.8,132.8,-1763.1,3212.0
0.06135,243.8,134.1,-1763.1,3202.3
0.06140,243.8,135.5,-1792.9,3192.5
0.06145,243.8,136.9,-1792.9,3182.7
0.06150,243.8,138.3,-1792.9,3172.9
0.06155,243.8,139.6,-1810.8,3163.1
0.06160,243.8,140.7,-1806.2,3153.3
0.06165,243.8,140.7,-1806.2,3146.6
0.06170,243.8,140.7,-1810.8,3143.5
0.06175,243.8,140.7,-1808.0,3142.8
0.06180,243.8,140.7,-1808.0,3138.0
0.06185,243.8,140.7,-1808.0,3138.0
0.06190,243.8,140.7,-1808.0,3138.0
0.06195,243.8,140.7,-1808.0,3142.8
0.06200,243.8,140.7,-1808.0,3142.8
0.06205,243.8,140.7,-1808.0,3146.6
0.06210,243.8,140.7,-1808.0,3197.6
0.06215,243.8,140.7,-1808.0,3197.6
0.06220,243.8,140.7,-1808.7,3197.6
0.06225,243.8,140.7,-1811.3,3197.6
0.06230,243.8,140.7,-1811.3,3193.7
0.06235,245.8,140.7,-1811.3,3193.7
0.06240,248.6,140.7,-1818.3,3186.7
0.06245,251.3,140.7,-1818.3,3186.7
0.06250,251.7,140.7,-1818.3,3159.6
0.06255,251.7,140.7,-1834.0,3159.6
0.06260,251.7,140.7,-1834.0,3161.6
0.06265,251.7,140.7,-1834.0,3161.6
0.06270,251.7,140.7,-1863.3,3161.6
0.06275,251.7,140.7,-1863.3,3177.9
0.06280,251.7,140.7,-1863.3,3177.9
0.06285,251.7,140.7,-1890.1,3186.4
0.06290,251.7,140.7,-1883.0,3188.7
0.06295,251.7,140.7,-1883.0,3188.7
0.06300,251.7,140.7,-1890.1,3188.7
0.06305,251.7,140.7,-1890.1,3186.4
0.06310,251.7,140.7,-1890.1,3178.9
0.06315,251.7,140.7,-1894.1,3178.9
0.06320,251.7,140.7,-1885.5,3169.1
0.06325,251.7,140.7,-1885.5,3159.3
0.06330,251.7,140.7,-1885.5,3149.5
0.06335,251.7,140.7,-1885.5,3139.7
0.06340,251.7,140.7,-1885.5,3129.9
0.06345,251.7,140.7,-1885.5,3120.1
0.06350,253.4,141.6,-1885.5,3110.3
0.06355,256.1,142.9,-1888.1,3100.5
0.06360,258.9,144.3,-1888.1,3090.8
0.06365,259.7,145.7,-1888.1,3081.0
0.06370,259.7,147.0,-1889.1,3071.2
0.06375,259.7,148.4,-1889.1,3061.4
0.06380,259.7,148.7,-1889.1,3051.6
0.06385,259.7,148.7,-1915.7,3041.8
0.06390,259.7,148.7,-1915.7,3032.0
0.06395,259.7,148.7,-1915.7,3022.2
0.06400,259.7,148.7,-1933.6,3012.4
0.06405,259.7,148.7,-1933.6,3011.7
0.06410,259.7,148.7,-1933.6,3011.5
0.06415,259.7,148.7,-1960.9,3011.5
0.06420,259.7,148.7,-1960.9,3011.5
0.06425,259.7,148.7,-1960.9,3011.5
0.06430,259.7,148.7,-1970.9,3011.5
0.06435,259.7,148.7,-1970.9,3011.7
0.06440,259.7,148.7,-1970.9,3031.5
0.06445,259.7,148.7,-1973.5,3031.5
0.06450,259.7,148.7,-1973.5,3031.5
0.06455,259.7,148.7,-1973.5,3094.3
0.06460,259.7,148.7,-1973.5,3031.5
0.06465,261.0,148.7,-1973.5,3030.6
0.06470,263.7,148.7,-1973.5,3030.6
0.06475,266.4,148.7,-1973.5,3030.6
0.06480,267.6,148.7,-1964.9,3029.0
0.06485,267.6,148.7,-1968.2,2985.8
0.06490,267.6,148.7,-1968.2,3029.0
0.06495,267.6,148.7,-1968.2,3029.0
0.06500,267.6,148.7,-1976.0,3029.0
0.06505,267.6,148.7,-1976.0,3054.6
0.06510,267.6,148.7,-1968.2,3056.4
0.06515,267.6,148.7,-1986.1,3056.4
0.06520,267.6,148.7,-1986.1,3056.4
0.06525,267.6,148.7,-1986.1,3056.4
0.06530,267.6,148.7,-2016.1,3056.4
0.06535,267.6,148.7,-2016.1,3054.6
0.06540,267.6,148.7,-2016.1,3051.2
0.06545,267.6,148.7,-2046.7,3037.6
0.06550,267.6,148.7,-2046.7,3024.1
0.06555,267.6,148.7,-2046.7,3010.5
0.06560,267.6,148.7,-2058.8,2996.9
0.06565,267.6,149.0,-2050.3,2983.3
0.06570,267.6,150.3,-2050.3,2969.8
0.06575,267.6,151.7,-2061.4,2956.2
0.06580,268.5,153.1,-2061.4,2942.6
0.06585,271.3,154.5,-2061.4,2929.1
0.06590,274.0,155.8,-2061.4,2915.5
0.06595,275.5,156.6,-2052.8,2901.9
0.06600,275.5,156.6,-2052.8,2888.4
0.06605,275.5,156.6,-2052.8,2874.8
0.06610,275.5,156.6,-2052.8,2861.2
0.06615,275.5,156.6,-2052.8,2861.2
0.06620,275.5,156.6,-2052.8,2861.2
0.06625,275.5,156.6,-2052.8,2861.2
0.06630,275.5,156.6,-2055.3,2861.2
0.06635,275.5,156.6,-2055.3,2850.9
0.06640,275.5,156.6,-2055.3,2850.9
0.06645,275.5,156.6,-2071.3,2863.8
0.06650,275.5,156.6,-2071.3,2870.0
0.06655,275.5,156.6,-2071.3,2874.3
0.06660,275.5,156.6,-2099.1,2877.5
0.06665,275.5,156.6,-2099.1,2877.5
0.06670,275.5,156.6,-2099.1,2878.6
0.06675,275.5,156.6,-2117.0,2877.5
0.06680,275.5,156.6,-2117.0,2877.5
0.06685,275.5,156.6,-2117.0,2901.9
0.06690,275.5,156.6,-2149.3,2877.5
0.06695,276.1,156.6,-2149.3,2855.7
0.06700,278.8,156.6,-2149.3,2850.9
0.06705,281.6,156.6,-2151.8,2850.9
0.06710,283.4,156.6,-2151.8,2850.9
0.06715,283.4,156.6,-2151.8,2850.9
0.06720,283.4,156.6,-2151.8,2883.6
0.06725,283.4,156.6,-2140.8,2892.2
0.06730,283.4,156.6,-2140.8,2892.2
0.06735,283.4,156.6,-2140.8,2894.3
0.06740,283.4,156.6,-2140.8,2900.8
0.06745,283.4,156.6,-2140.8,2909.3
0.06750,283.4,156.6,-2140.8,2909.3
0.06755,283.4,156.6,-2140.8,2904.9
0.06760,283.4,156.6,-2143.3,2904.9
0.06765,283.4,156.6,-2143.3,2904.9
0.06770,283.4,157.6,-2145.8,2904.9
0.06775,283.4,159.0,-2151.5,2904.9
0.06780,283.4,160.4,-2151.5,2891.4
0.06785,283.4,161.7,-2151.5,2877.8
0.06790,283.4,163.1,-2182.6,2864.2
0.06795,283.4,164.5,-2182.6,2850.7
0.06800,283.4,164.5,-2182.6,2837.1
0.06805,283.4,164.5,-2212.1,2823.5
0.06810,283.6,164.5,-2212.1,2810.0
0.06815,286.4,164.5,-2212.1,2796.4
0.06820,289.1,164.5,-2230.1,2782.8
0.06825,291.4,164.5,-2230.1,2769.3
0.06830,291.4,164.5,-2230.1,2755.7
0.06835,291.4,164.5,-2239.8,2742.1
0.06840,291.4,164.5,-2239.8,2728.6
0.06845,291.4,164.5,-2239.8,2715.0
0.06850,291.4,164.5,-2242.3,2713.8
0.06855,291.4,164.5,-2242.3,2705.2
0.06860,291.4,164.5,-2242.3,2704.4
0.06865,291.4,164.5,-2242.3,2704.4
0.06870,291.4,164.5,-2231.2,2704.4
0.06875,291.4,164.5,-2231.2,2705.2
0.06880,291.4,164.5,-2231.2,2705.2
0.06885,291.4,164.5,-2231.2,2713.8
0.06890,291.4,164.5,-2233.7,2758.3
0.06895,291.4,164.5,-2233.7,2758.3
0.06900,291.4,164.5,-2233.7,2771.2
0.06905,291.4,164.5,-2246.7,2771.2
0.06910,291.4,164.5,-2246.7,2758.3
0.06915,293.7,164.5,-2246.7,2758.3
0.06920,296.4,164.5,-2264.6,2740.4
0.06925,299.1,164.5,-2264.6,2740.4
0.06930,299.3,164.5,-2264.6,2697.7
0.06935,299.3,164.5,-2293.9,2697.7
0.06940,299.3,164.5,-2293.9,2740.4
0.06945,299.3,164.5,-2293.9,2740.4
0.06950,299.3,164.5,-2325.2,2733.8
0.06955,299.3,164.7,-2325.2,2740.7
0.06960,299.3,166.1,-2325.2,2740.7
0.06965,299.3,167.5,-2327.7,2746.7
0.06970,299.3,168.8,-2330.2,2749.0
0.06975,299.3,170.2,-2330.2,2749.0
0.06980,299.3,171.6,-2332.6,2749.0
0.06985,299.3,172.4,-2332.6,2746.7
0.06990,299.3,172.4,-2332.6,2735.4
0.06995,299.3,172.4,-2332.6,2735.4
0.07000,299.3,172.4,-2332.6,2721.8
0.07005,299.3,172.4,-2332.6,2708.3
0.07010,299.3,172.4,-2332.6,2694.7
0.07015,300.9,172.4,-2332.8,2681.1
0.07020,303.7,172.4,-2333.4,2667.6
0.07025,306.4,172.4,-2333.4,2654.0
0.07030,307.2,172.4,-2333.4,2640.4
0.07035,307.2,172.4,-2335.3,2626.9
0.07040,307.2,172.4,-2335.3,2613.3
0.07045,307.2,172.4,-2335.3,2599.7
0.07050,307.2,172.4,-2359.7,2586.2
0.07055,307.2,172.4,-2359.7,2572.6
0.07060,307.2,172.4,-2359.7,2559.0
0.07065,307.2,172.4,-2377.6,2545.7
0.07070,307.2,172.4,-2377.6,2545.7
0.07075,307.2,172.4,-2377.6,2545.7
0.07080,307.2,172.4,-2420.3,2545.7
0.07085,307.2,172.4,-2420.3,2545.5
0.07090,307.2,172.4,-2420.3,2540.9
0.07095,307.2,172.4,-2429.3,2545.7
0.07100,307.2,172.4,-2420.7,2554.3
0.07105,307.2,172.4,-2420.7,2560.3
0.07110,307.2,172.4,-2431.8,2560.3
0.07115,308.2,172.4,-2431.8,2562.9
0.07120,310.9,172.4,-2431.8,2570.6
0.07125,313.7,172.4,-2431.8,2570.6
0.07130,315.2,172.4,-2423.2,2571.1
0.07135,315.2,172.4,-2423.2,2610.7
0.07140,315.2,172.4,-2423.2,2571.1
0.07145,315.2,173.2,-2423.2,2570.6
0.07150,315.2,174.6,-2423.2,2513.3
0.07155,315.2,176.0,-2423.2,2570.6
0.07160,315.2,177.3,-2423.2,2571.1
0.07165,315.2,178.7,-2425.8,2571.1
0.07170,315.2,180.1,-2425.8,2572.3
0.07175,315.2,180.4,-2425.8,2577.0
0.07180,315.2,180.4,-2454.8,2577.0
0.07185,315.2,180.4,-2454.8,2585.6
0.07190,315.2,180.4,-2454.8,2594.2
0.07195,315.2,180.4,-2472.7,2598.4
0.07200,315.2,180.4,-2472.7,2594.2
0.07205,315.2,180.4,-2472.7,2592.3
0.07210,315.2,180.4,-2515.4,2592.3
0.07215,315.5,180.4,-2515.4,2592.3
0.07220,318.2,180.4,-2515.4,2592.3
0.07225,320.9,180.4,-2530.8,2579.4
0.07230,323.1,180.4,-2522.3,2566.6
0.07235,323.1,180.4,-2522.3,2553.7
0.07240,323.1,180.4,-2533.3,2540.9
0.07245,323.1,180.4,-2523.7,2528.0
0.07250,323.1,180.4,-2523.7,2515.2
0.07255,323.1,180.4,-2523.7,2502.3
0.07260,323.1,180.4,-2523.7,2489.5
0.07265,323.1,180.4,-2523.7,2476.6
0.07270,323.1,180.4,-2523.7,2463.8
0.07275,323.1,180.4,-2523.7,2450.9
0.07280,323.1,180.4,-2523.7,2438.1
0.07285,323.1,180.4,-2523.7,2425.2
0.07290,323.1,180.4,-2524.8,2412.4
0.07295,323.1,180.4,-2527.3,2399.5
0.07300,323.1,180.4,-2527.3,2395.4
0.07305,324.1,180.4,-2527.3,2391.1
0.07310,325.5,180.4,-2550.0,2391.1
0.07315,326.9,180.4,-2550.0,2391.1
0.07320,328.2,181.6,-2550.0,2391.1
0.07325,329.6,182.9,-2567.9,2394.4
0.07330,331.0,184.3,-2567.9,2394.4
0.07335,331.0,185.7,-2567.9,2395.4
0.07340,331.0,187.0,-2610.6,2394.4
0.07345,331.0,188.3,-2610.6,2394.4
0.07350,331.0,188.3,-2610.6,2417.2
0.07355,331.0,188.3,-2628.5,2394.4
0.07360,331.0,188.3,-2628.5,2376.5
0.07365,331.0,188.3,-2628.5,2370.0
0.07370,331.0,188.3,-2635.0,2370.0
0.07375,331.0,188.3,-2635.0,2376.5
0.07380,331.0,188.3,-2635.0,2376.5
0.07385,331.0,188.3,-2637.5,2390.2
0.07390,331.0,188.3,-2637.5,2403.1
0.07395,331.0,188.3,-2637.5,2403.1
0.07400,331.0,188.3,-2637.5,2404.4
0.07405,332.4,188.3,-2626.4,2415.9
0.07410,335.2,188.3,-2626.4,2423.4
0.07415,337.9,188.3,-2626.4,2423.1
0.07420,338.9,188.3,-2626.4,2415.9
0.07425,338.9,188.3,-2628.9,2415.9
0.07430,338.9,188.3,-2628.9,2415.9
0.07435,338.9,188.3,-2628.9,2415.9
0.07440,338.9,188.3,-2645.1,2409.6
0.07445,338.9,188.3,-2645.1,2396.0
0.07450,338.9,188.3,-2645.1,2382.4
0.07455,338.9,188.3,-2663.0,2368.9
0.07460,338.9,188.3,-2663.0,2355.3
0.07465,338.9,188.3,-2663.0,2341.7
0.07470,338.9,188.3,-2705.7,2328.2
0.07475,338.9,188.4,-2705.7,2314.6
0.07480,338.9,189.8,-2705.7,2301.0
0.07485,338.9,191.1,-2723.6,2287.5
0.07490,339.4,192.5,-2723.6,2273.9
0.07495,342.2,193.9,-2723.6,2260.3
0.07500,344.9,195.2,-2736.5,2246.8
0.07505,346.9,196.2,-2736.5,2233.2
0.07510,346.9,196.2,-2736.5,2219.6
0.07515,346.9,196.2,-2739.1,2207.9
0.07520,346.9,196.2,-2739.6,2206.1
0.07525,346.9,196.2,-2739.6,2203.7
0.07530,346.9,196.2,-2739.6,2203.7
0.07535,346.9,196.2,-2739.6,2203.7
0.07540,346.9,196.2,-2739.6,2203.7
0.07545,346.9,196.2,-2739.6,2203.7
0.07550,346.9,196.2,-2739.6,2207.9
0.07555,346.9,196.2,-2740.2,2264.7
0.07560,346.9,196.2,-2740.2,2264.7
0.07565,346.9,196.2,-2741.6,2264.7
0.07570,346.9,196.2,-2744.2,2264.7
0.07575,346.9,196.2,-2744.2,2260.8
0.07580,348.0,196.2,-2744.2,2222.0
0.07585,349.4,196.2,-2782.9,2216.1
0.07590,350.7,196.2,-2782.9,2222.0
0.07595,352.1,196.2,-2782.9,2222.0
0.07600,353.5,196.2,-2800.8,2216.1
0.07605,354.8,196.2,-2800.8,2219.9
0.07610,354.8,196.2,-2800.8,2219.9
0.07615,354.8,196.2,-2843.5,2219.9
0.07620,354.8,196.2,-2843.5,2228.5
0.07625,354.8,196.2,-2843.5,2236.0
0.07630,354.8,196.2,-2849.2,2240.3
0.07635,354.8,196.2,-2851.8,2236.0
0.07640,354.8,196.2,-2851.8,2228.8
0.07645,354.8,196.2,-2854.3,2228.8
0.07650,355.3,198.2,-2854.3,2228.8
0.07655,356.7,203.7,-2854.3,2228.8
0.07660,358.0,204.2,-2854.3,2215.2
0.07665,359.4,204.2,-2854.3,2201.7
0.07670,360.8,204.2,-2854.3,2188.1
0.07675,362.2,204.2,-2854.3,2174.5
0.07680,362.7,204.2,-2854.3,2161.0
0.07685,362.7,204.2,-2856.9,2147.4
0.07690,362.7,204.2,-2856.9,2133.8
0.07695,362.7,204.2,-2856.9,2120.3
0.07700,362.7,204.2,-2860.1,2106.7
0.07705,362.7,204.2,-2860.1,2093.1
0.07710,362.7,204.2,-2860.1,2079.6
0.07715,362.7,204.2,-2878.0,2066.0
0.07720,362.7,204.2,-2878.0,2052.4
0.07725,362.7,204.2,-2878.0,2038.9
0.07730,362.7,204.2,-2920.7,2032.8
0.07735,362.7,204.2,-2920.7,2029.1
0.07740,362.7,204.2,-2920.7,2025.3
0.07745,362.7,204.2,-2938.6,2025.3
0.07750,363.1,204.2,-2938.6,2025.3
0.07755,365.8,204.2,-2938.6,2029.1
0.07760,368.5,204.2,-2964.5,2029.1
0.07765,370.7,204.2,-2964.5,2032.8
0.07770,370.7,204.2,-2964.5,2037.9
0.07775,370.7,204.2,-2967.0,2037.9
0.07780,370.7,204.2,-2968.3,2037.9
0.07785,370.7,204.2,-2968.3,2082.1
0.07790,370.7,204.2,-2968.3,2037.9
0.07795,370.7,204.8,-2968.3,2036.7
0.07800,370.7,206.1,-2968.3,2005.7
0.07805,370.7,207.5,-2968.3,2036.7
0.07810,370.7,208.9,-2968.3,2036.7
0.07815,370.7,210.3,-2968.3,2036.7
0.07820,370.7,211.6,-2968.3,2040.0
0.07825,370.7,212.1,-2969.6,2044.1
0.07830,370.7,212.1,-2972.1,2044.1
0.07835,370.7,212.1,-2972.1,2044.3
0.07840,372.8,212.1,-2972.1,2048.5
0.07845,375.5,212.1,-2997.9,2056.6
0.07850,378.3,212.1,-2997.9,2052.7
0.07855,378.6,212.1,-2997.9,2048.5
0.07860,378.6,212.1,-3015.8,2048.5
0.07865,378.6,212.1,-3015.8,2048.5
0.07870,378.6,212.1,-3015.8,2048.5
0.07875,378.6,212.1,-3058.5,2031.2
0.07880,378.6,212.1,-3058.5,2009.8
0.07885,378.6,212.1,-3058.5,1988.4
0.07890,378.6,212.1,-3076.4,1967.0
0.07895,378.6,212.1,-3076.4,1945.6
0.07900,378.6,212.1,-3076.4,1924.1
0.07905,381.6,212.1,-3079.7,1902.7
0.07910,378.2,214.7,-3079.7,1881.3
0.07915,364.4,222.9,-3079.7,1859.9
0.07920,360.9,231.1,-3082.3,1838.5
0.07925,823.4,226.4,-3082.9,1824.3
0.07930,640.1,203.9,-3082.9,1820.0
0.07935,456.8,200.7,-3082.9,1815.7
0.07940,1210.0,326.2,-3093.4,1811.4
0.07945,765.6,343.7,-3103.8,1807.1
0.07950,541.6,317.7,-3103.8,1807.1
0.07955,1257.7,188.1,-3113.5,1802.8
0.07960,718.7,286.6,-3113.6,1799.2
0.07965,632.6,295.8,-3113.6,1799.2
0.07970,1206.5,177.8,-3125.7,1778.4
0.07975,662.8,295.0,-3149.5,1778.4
0.07980,715.8,253.5,-3149.5,1799.2
0.07985,1147.5,123.2,-3149.5,1831.0
0.07990,603.8,287.2,-3205.6,1831.0
0.07995,798.9,191.1,-3205.6,1812.6
0.08000,1286.4,78.7,-3205.6,1831.0
0.08005,1286.4,289.6,-3275.6,1831.0
0.08010,771.2,110.0,-3275.6,1812.6
0.08015,621.3,36.5,-3275.6,1812.6
0.08020,1160.3,294.3,-3320.2,1800.0
0.08025,685.3,5.2,-3334.0,1799.9
0.08030,677.0,-0.7,-3334.0,1795.8
0.08035,1211.3,308.6,-3342.2,1791.5
0.08040,595.0,-115.3,-3352.8,1791.5
0.08045,694.7,-46.2,-3352.8,1782.1
0.08050,1182.2,286.6,-3353.2,1780.4
0.08055,484.7,-266.3,-3371.8,1780.4
0.08060,668.2,-98.2,-3380.4,1759.0
0.08065,964.1,154.4,-3371.8,1737.5
0.08070,316.5,-427.0,-3399.3,1722.6
0.08075,603.9,-141.9,-3415.3,1714.1
0.08080,623.9,19.4,-3399.3,1714.1
0.08085,-659.7,-587.0,-3399.3,1714.1
0.08090,188.7,-193.3,-3399.3,1714.1
0.08095,310.8,-135.7,-3397.0,1713.4
0.08100,-810.0,-653.0,-3376.2,1713.4
0.08105,66.5,-240.5,-3363.9,1713.4
0.08110,-64.9,-299.5,-3363.9,1713.4
0.08115,-972.6,-723.9,-3356.6,1713.4
0.08120,-44.6,-297.4,-3274.4,1741.7
0.08125,-441.3,-479.1,-3274.4,1741.7
0.08130,-1120.9,-790.2,-3274.4,1688.6
0.08135,-155.3,-345.0,-3185.8,1688.6
0.08140,-852.1,-663.7,-3158.0,1741.7
0.08145,-1280.6,-860.4,-3158.0,1688.6
0.08150,-268.2,-396.4,-3122.2,1835.6
0.08155,-1276.6,-858.4,-3050.0,1948.4
0.08160,-1430.1,-929.1,-3050.0,1948.4
0.08165,-384.8,-451.0,-3023.7,1956.5
0.08170,-1735.6,-1066.7,-2990.5,1971.0
0.08175,-2010.8,-1002.7,-2990.5,1971.0
0.08180,-1556.2,-510.6,-2918.9,1997.8
0.08185,-2406.0,-1282.2,-2860.1,2026.3
0.08190,-2182.4,-1073.3,-2860.1,2133.6
0.08195,-1763.3,-676.2,-2860.1,2149.5
0.08200,-2794.1,-1502.1,-2777.3,2296.5
0.08205,-2345.3,-1140.8,-2777.3,2296.5
0.08210,-2044.2,-881.8,-2777.3,2296.5
0.08215,-3213.7,-1734.1,-2720.6,2343.1
0.08220,-2491.5,-1213.1,-2634.5,2356.9
0.08225,-2367.1,-1101.0,-2634.5,2356.9
0.08230,-3473.7,-1838.8,-2571.8,2430.3
0.08235,-2620.6,-1290.4,-2556.9,2449.6
0.08240,-2712.3,-1328.5,-2556.9,2449.6
0.08245,-3678.9,-1920.1,-2481.0,2634.1
0.08250,-2732.1,-1362.3,-2258.6,2647.0
0.08255,-3111.7,-1562.3,-2258.6,2647.0
0.08260,-3888.1,-2005.8,-2258.6,2647.0
0.08265,-2824.1,-1434.0,-1931.5,3155.7
0.08270,-3541.7,-1804.6,-1931.5,3155.7
0.08275,-4073.9,-2096.4,-1931.5,3155.7
0.08280,-2897.4,-1510.5,-1646.1,3234.6
0.08285,-4010.5,-2050.8,-1526.9,3485.1
0.08290,-4235.3,-2178.5,-1526.9,3485.1
0.08295,-2946.3,-1583.3,-1513.7,3497.3
0.08300,-4524.9,-2305.4,-1335.3,3661.9
0.08305,-4406.2,-2263.6,-1335.3,3661.9
0.08310,-3032.8,-1654.2,-1181.9,3860.6
0.08315,-5071.0,-2564.3,-1101.0,3883.7
0.08320,-4482.3,-2861.9,-1101.0,3883.7
0.08325,-3178.6,-2862.6,-1041.3,3883.7
0.08330,-5530.8,-1805.4,-900.8,4107.7
0.08335,-5873.3,-2302.5,-900.8,4107.7
0.08340,-5474.6,-2727.3,-900.8,4107.7
0.08345,-3029.9,-1498.3,-822.9,4141.9
0.08350,-2947.5,-2303.8,-764.5,4240.5
0.08355,-3620.8,-2589.3,-764.5,4240.5
0.08360,-5759.5,-1476.9,-725.3,4279.7
0.08365,-4025.2,-2381.5,-608.6,4500.3
0.08370,-3892.0,-2438.3,-608.6,4500.3
0.08375,-5889.0,-1539.6,-440.9,4515.9
0.08380,-5889.0,-2467.7,-395.1,4646.9
0.08385,-4687.3,-2280.2,-395.1,4646.9
0.08390,-3461.0,-1607.5,-260.8,4744.1
0.08395,-5195.3,-2558.9,-19.8,4972.7
0.08400,-4418.2,-2118.9,-19.8,4972.7
0.08405,-3641.2,-1684.5,-19.8,4988.0
0.08410,-5375.4,-2650.1,294.8,5262.9
0.08415,-4149.2,-1948.7,294.8,5299.8
0.08420,-3826.8,-1764.7,294.8,5309.8
0.08425,-5556.4,-2744.3,442.3,5447.2
0.08430,-3876.2,-1779.5,524.7,5544.6
0.08435,-2942.7,-1416.3,524.7,5544.6
0.08440,-2947.9,-1697.5,573.6,5577.5
0.08445,-2867.6,-1333.4,632.6,5636.3
0.08450,-2609.8,-1321.0,632.6,5636.3
0.08455,-2347.2,-1449.5,691.5,5676.0
0.08460,-1944.1,-1231.5,753.6,5758.5
0.08465,-2068.6,-1300.8,753.6,5760.1
0.08470,-2215.8,-1382.1,753.6,5827.9
0.08475,-1865.6,-1190.5,818.8,5929.0
0.08480,-2039.7,-1285.4,861.6,5929.0
0.08485,-2113.1,-1325.0,861.6,5929.0
0.08490,-1815.5,-1160.8,887.3,5929.0
0.08495,-2007.6,-1263.9,941.9,5934.2
0.08500,-2026.4,-1273.1,941.9,5934.2
0.08505,-1808.8,-1154.7,990.3,5945.6
0.08510,-1977.5,-1248.4,1022.7,5950.4
0.08515,-1943.8,-1230.4,1022.7,5950.4
0.08520,-1791.6,-1146.5,1046.5,6192.6
0.08525,-1946.3,-1230.8,1191.2,6196.2
0.08530,-1874.9,-1194.3,1191.2,6196.2
0.08535,-1779.3,-1125.1,1191.2,6196.2
0.08540,-1919.9,-1149.3,1345.6,6223.9
0.08545,-1815.1,-1171.0,1345.6,6425.1
0.08550,-1764.0,-1165.5,1345.6,6425.1
0.08555,-1890.5,-1160.0,1442.0,6485.5
0.08560,-1759.6,-1154.5,1480.6,6492.9
0.08565,-1748.4,-1149.1,1480.6,6492.9
0.08570,-1865.5,-1143.6,1495.5,6495.0
0.08575,-1716.3,-1138.1,1522.3,6495.0
0.08580,-1735.3,-1132.6,1522.3,6499.6
0.08585,-1835.9,-1127.1,1581.7,6545.3
0.08590,-1670.7,-1122.2,1628.2,6552.9
0.08595,-1718.9,-1118.1,1628.2,6599.9
0.08600,-1787.8,-1114.0,1628.2,6604.1
0.08605,-1635.8,-1110.6,1664.4,6620.1
0.08610,-1709.5,-1107.8,1671.4,6669.4
0.08615,-1749.0,-1105.1,1671.4,6720.6
0.08620,-1609.8,-1101.5,1715.6,6723.1
0.08625,-1694.1,-1097.4,1753.4,6750.2
0.08630,-1708.2,-1093.3,1753.4,6750.2
0.08635,-1602.9,-1089.1,1813.1,6763.1
0.08640,-1627.1,-1085.0,1816.0,6763.4
0.08645,-1651.3,-1080.9,1816.0,6763.4
0.08650,-1649.3,-1078.0,1853.8,6850.3
0.08655,-1642.5,-1075.2,1961.2,6932.8
0.08660,-1635.6,-1072.5,1961.2,6932.8
0.08665,-1631.4,-1069.7,1961.2,6960.7
0.08670,-1627.3,-1067.0,2093.8,7027.0
0.08675,-1623.1,-1064.2,2093.8,7050.0
0.08680,-1619.0,-1060.1,2093.8,7050.0
0.08685,-1614.9,-1055.9,2190.7,7165.6
0.08690,-1610.3,-1052.3,2210.5,7253.7
0.08695,-1603.5,-1050.9,2210.5,7253.7
0.08700,-1596.6,-1049.6,2228.5,7258.0
0.08705,-1590.5,-1047.8,2258.2,7271.3
0.08710,-1586.4,-1045.1,2258.2,7271.3
0.08715,-1582.3,-1042.3,2299.2,7280.5
0.08720,-1578.7,-1039.6,2340.1,7294.2
0.08725,-1576.0,-1036.8,2340.1,7345.7
0.08730,-1573.2,-1034.1,2340.1,7364.6
0.08735,-1569.8,-1032.0,2381.1,7382.9
0.08740,-1565.7,-1030.7,2381.1,7394.6
0.08745,-1561.6,-1029.3,2381.1,7424.2
0.08750,-1557.5,-1027.9,2422.1,7448.2
0.08755,-1553.4,-1026.5,2463.1,7468.0
0.08760,-1549.3,-1025.2,2463.1,7471.1
0.08765,-1546.1,-1022.8,2492.2,7497.2
0.08770,-1543.4,-1020.1,2504.0,7509.0
0.08775,-1540.6,-1017.3,2504.0,7509.0
0.08780,-1537.9,-1015.7,2539.7,7534.0
0.08785,-1535.2,-1014.4,2609.4,7592.5
0.08790,-1532.4,-1013.0,2609.4,7592.5
0.08795,-1529.7,-1011.6,2609.4,7674.5
0.08800,-1526.9,-1010.2,2735.2,7715.8
0.08805,-1524.1,-1008.8,2735.2,7715.8
0.08810,-1520.0,-1006.1,2735.2,7715.8
0.08815,-1515.9,-1003.3,2832.6,7797.6
0.08820,-1512.2,-1000.8,2861.0,7808.8
0.08825,-1510.8,-999.4,2861.0,7808.8
0.08830,-1509.4,-998.1,2875.2,7812.3
0.08835,-1507.7,-996.7,2917.8,7812.3
0.08840,-1505.0,-995.3,2917.8,7812.3
0.08845,-1502.2,-993.9,2960.3,7965.3
0.08850,-1499.5,-992.6,2986.9,7983.1
0.08855,-1496.8,-991.2,2986.9,7983.1
0.08860,-1494.0,-989.8,2989.3,7983.1
0.08865,-1491.3,-987.8,3020.7,8025.6
0.08870,-1488.5,-985.1,3020.7,8097.8
0.08875,-1485.8,-982.3,3020.7,8129.6
0.08880,-1484.6,-980.4,3063.3,8137.2
0.08885,-1484.6,-979.0,3097.0,8137.2
0.08890,-1484.6,-977.6,3097.0,8137.2
0.08895,-1482.8,-976.3,3108.2,8137.2
0.08900,-1480.0,-974.9,3141.1,8165.8
0.08905,-1477.3,-973.5,3141.1,8165.8
0.08910,-1474.5,-972.2,3160.5,8165.4
0.08915,-1471.8,-970.8,3221.3,8232.8
0.08920,-1469.0,-969.4,3221.3,8232.8
0.08925,-1467.5,-968.0,3221.3,8232.8
0.08930,-1466.2,-966.7,3330.5,8255.1
0.08935,-1464.8,-965.3,3330.5,8335.5
0.08940,-1463.4,-963.9,3330.5,8335.5
0.08945,-1462.1,-962.6,3438.8,8443.7
0.08950,-1460.5,-961.2,3439.3,8444.2
0.08955,-1457.8,-959.8,3439.3,8462.2
0.08960,-1455.0,-958.4,3482.9,8487.9
0.08965,-1452.6,-956.8,3509.9,8507.3
0.08970,-1451.2,-954.0,3509.9,8507.3
0.08975,-1449.9,-951.3,3546.5,8523.7
0.08980,-1448.5,-949.5,3560.6,8553.0
0.08985,-1447.1,-949.5,3560.6,8553.0
0.08990,-1445.8,-949.5,3576.7,8565.7
0.08995,-1443.8,-948.2,3622.4,8565.7
0.09000,-1441.0,-945.5,3622.4,8567.8
0.09005,-1438.3,-942.7,3622.4,8567.8
0.09010,-1436.3,-941.5,3643.4,8626.7
0.09015,-1434.9,-941.5,3676.5,8648.3
0.09020,-1433.6,-941.5,3676.5,8664.4
0.09025,-1432.2,-939.7,3689.1,8678.5
0.09030,-1430.8,-937.0,3710.1,8715.0
0.09035,-1429.5,-934.2,3710.1,8715.0
0.09040,-1428.1,-932.5,3755.8,8765.9
0.09045,-1426.7,-931.2,3780.8,8898.6
0.09050,-1425.3,-929.8,3780.8,8898.6
0.09055,-1422.8,-928.4,3780.8,8947.5
0.09060,-1420.0,-927.1,3890.0,8947.5
0.09065,-1417.3,-925.7,3890.0,8923.1
0.09070,-1417.2,-924.3,3890.0,8923.1
0.09075,-1417.2,-922.9,3984.3,8947.5
0.09080,-1417.0,-921.6,3984.3,8947.5
0.09085,-1414.2,-920.2,3984.3,8947.5
0.09090,-1411.5,-918.8,4040.4,9028.2
0.09095,-1409.3,-917.5,4068.7,9028.2
0.09100,-1409.3,-916.1,4068.7,8923.1
0.09105,-1409.3,-914.7,4103.4,9112.1
0.09110,-1408.5,-913.3,4107.1,9124.7
0.09115,-1405.7,-912.0,4107.1,9124.7
0.09120,-1403.0,-910.6,4138.6,9133.1
0.09125,-1400.8,-908.7,4161.1,9166.1
0.09130,-1399.4,-905.9,4161.1,9202.7
0.09135,-1398.1,-903.2,4161.1,9281.3
0.09140,-1396.7,-901.9,4194.8,9297.0
0.09145,-1395.3,-901.9,4204.5,9336.0
0.09150,-1394.0,-901.9,4204.5,9336.0
0.09155,-1392.6,-900.1,4231.0,9356.4
0.09160,-1391.2,-897.4,4253.5,9356.4
0.09165,-1389.8,-894.6,4253.5,9345.0
0.09170,-1388.5,-894.0,4282.5,9345.0
0.09175,-1387.1,-894.0,4306.0,9356.4
0.09180,-1385.7,-894.0,4306.0,9356.4
0.09185,-1384.4,-891.6,4323.4,9345.0
0.09190,-1383.0,-888.9,4400.3,9345.0
0.09195,-1381.6,-886.1,4400.3,9356.4
0.09200,-1380.2,-886.0,4400.3,9350.9
0.09205,-1378.9,-886.0,4505.6,9418.4
0.09210,-1377.5,-885.8,4505.6,9510.5
0.09215,-1376.1,-883.1,4505.6,9510.5
0.09220,-1374.8,-880.3,4572.4,9577.4
0.09225,-1373.4,-878.1,4595.0,9599.9
0.09230,-1372.0,-878.1,4595.0,9602.6
0.09235,-1370.6,-878.1,4597.7,9618.7
0.09240,-1368.9,-877.3,4617.5,9622.5
0.09245,-1366.1,-874.6,4617.5,9694.7
0.09250,-1363.4,-871.8,4650.2,9694.7
0.09255,-1361.7,-869.6,4687.4,9694.7
0.09260,-1361.7,-868.3,4687.4,9694.7
0.09265,-1361.7,-866.9,4687.4,9735.9
0.09270,-1360.4,-865.5,4710.0,9673.0
0.09275,-1357.6,-864.1,4710.0,9713.7
0.09280,-1354.9,-862.8,4710.0,9713.7
0.09285,-1353.8,-861.4,4747.4,9713.7
0.09290,-1353.8,-860.0,4771.5,9713.7
0.09295,-1353.8,-858.7,4771.5,9776.5
0.09300,-1351.8,-857.3,4795.7,9790.2
0.09305,-1349.1,-855.9,4798.6,9800.6
0.09310,-1346.3,-854.5,4798.6,9803.5
0.09315,-1345.9,-853.2,4819.8,9824.8
0.09320,-1345.9,-851.8,4888.4,9893.4
0.09325,-1345.9,-850.4,4888.4,9893.4
0.09330,-1343.3,-849.1,4888.4,9983.2
0.09335,-1340.6,-847.7,4978.3,10018.6
0.09340,-1338.0,-846.3,4978.3,10018.6
0.09345,-1338.0,-844.9,4978.3,10059.1
0.09350,-1338.0,-843.6,5054.2,10059.1
0.09355,-1337.5,-842.2,5068.1,10043.2
0.09360,-1334.8,-840.8,5068.1,10115.1
0.09365,-1332.0,-839.5,5078.3,10115.1
0.09370,-1330.0,-837.7,5110.6,10043.2
0.09375,-1330.0,-835.0,5110.6,10043.2
0.09380,-1330.0,-832.2,5136.3,10043.2
0.09385,-1329.0,-830.5,5162.1,10043.2
0.09390,-1326.3,-830.5,5162.1,10043.2
0.09395,-1323.5,-830.5,5162.1,10081.7
0.09400,-1322.1,-829.2,5199.7,10086.0
0.09405,-1322.1,-826.5,5199.7,10086.0
0.09410,-1322.1,-823.7,5199.7,10144.0
0.09415,-1320.5,-822.6,5223.8,10169.3
0.09420,-1317.7,-822.6,5247.9,10218.5
0.09425,-1315.0,-822.6,5247.9,10244.2
0.09430,-1314.2,-820.7,5260.4,10256.9
0.09435,-1314.2,-817.9,5272.1,10411.4
0.09440,-1314.2,-815.2,5272.1,10411.4
0.09445,-1312.0,-814.7,5296.2,10446.9
0.09450,-1309.2,-814.7,5350.2,10456.9
0.09455,-1306.5,-814.7,5350.2,10446.9
0.09460,-1306.2,-812.2,5350.2,10456.9
0.09465,-1306.2,-809.4,5440.1,10456.9
0.09470,-1306.2,-806.7,5440.1,10446.9
0.09475,-1304.8,-806.7,5440.1,10446.9
0.09480,-1303.5,-806.7,5514.8,10456.9
0.09485,-1302.1,-806.4,5514.8,10456.9
0.09490,-1300.7,-803.6,5514.8,10414.2
0.09495,-1299.4,-800.9,5554.7,10414.2
0.09500,-1297.7,-798.8,5561.9,10469.5
0.09505,-1294.9,-798.8,5561.9,10431.6
0.09510,-1292.2,-798.8,5587.6,10469.5
0.09515,-1290.4,-797.9,5602.4,10475.9
0.09520,-1290.4,-795.1,5602.4,10519.2
0.09525,-1290.4,-792.4,5613.3,10618.3
0.09530,-1289.8,-790.9,5639.1,10644.0
0.09535,-1288.4,-790.9,5639.1,10695.0
0.09540,-1287.0,-790.9,5639.1,10778.8
0.09545,-1285.6,-789.3,5664.8,10782.6
0.09550,-1284.3,-786.6,5689.5,10797.1
0.09555,-1282.9,-783.8,5689.5,10797.1
0.09560,-1280.6,-782.0,5690.5,10868.3
0.09565,-1277.9,-780.7,5716.3,10868.3
0.09570,-1275.1,-779.3,5716.3,10840.3
0.09575,-1274.5,-777.9,5742.0,10860.0
0.09580,-1274.5,-776.5,5777.1,10860.0
0.09585,-1274.5,-775.2,5777.1,10840.3
0.09590,-1272.1,-773.8,5777.1,10807.7
0.09595,-1269.3,-772.4,5864.7,10807.7
0.09600,-1266.6,-771.1,5864.7,10811.0
0.09605,-1266.6,-769.7,5864.7,10807.7
0.09610,-1266.6,-768.3,5937.7,10807.7
0.09615,-1266.3,-766.9,5937.7,10811.0
0.09620,-1263.6,-765.6,5937.7,10811.0
0.09625,-1260.8,-764.2,5987.4,10823.0
0.09630,-1258.7,-762.8,5995.8,10844.8
0.09635,-1258.7,-761.5,5995.8,10868.4
0.09640,-1258.7,-760.1,6023.1,11028.0
0.09645,-1257.8,-758.7,6023.2,11028.1
0.09650,-1255.0,-757.4,6023.2,11055.4
0.09655,-1252.3,-756.0,6050.5,11113.4
0.09660,-1250.7,-754.6,6077.8,11125.6
0.09665,-1250.7,-753.2,6077.8,11180.4
0.09670,-1250.7,-751.9,6077.8,11180.4
0.09675,-1249.3,-750.5,6105.1,11198.8
0.09680,-1246.5,-749.1,6105.1,11203.4
0.09685,-1243.8,-747.8,6105.1,11203.4
0.09690,-1242.8,-746.4,6107.7,11216.1
0.09695,-1242.8,-745.0,6135.0,11216.1
0.09700,-1242.8,-743.6,6135.0,11203.4
0.09705,-1241.8,-741.2,6162.3,11191.6
0.09710,-1240.4,-738.5,6180.2,11163.5
0.09715,-1239.0,-735.7,6180.2,11191.6
0.09720,-1237.7,-735.4,6189.6,11163.5
0.09725,-1236.3,-735.4,6265.6,11163.5
0.09730,-1234.9,-735.4,6265.6,11191.6
0.09735,-1233.5,-732.7,6265.6,11191.6
0.09740,-1232.2,-730.0,6336.8,11197.1
0.09745,-1230.8,-727.5,6336.8,11226.2
0.09750,-1229.4,-727.5,6336.8,11226.2
0.09755,-1228.1,-727.5,6394.7,11341.8
0.09760,-1226.7,-726.9,6404.3,11402.2
0.09765,-1225.3,-724.2,6404.3,11416.5
0.09770,-1224.0,-721.4,6420.0,11429.5
0.09775,-1222.6,-719.5,6424.5,11483.3
0.09780,-1221.2,-719.5,6424.5,11483.3
0.09785,-1219.8,-719.5,6451.8,11490.1
0.09790,-1218.5,-718.4,6466.2,11533.3
0.09795,-1217.1,-715.7,6466.2,11557.4
0.09800,-1215.7,-712.9,6466.2,11557.4
0.09805,-1214.4,-711.6,6495.2,11557.2
0.09810,-1213.0,-711.6,6495.2,11557.2
0.09815,-1211.6,-711.6,6495.2,11557.2
0.09820,-1211.1,-710.7,6509.0,11557.2
0.09825,-1211.1,-709.4,6528.2,11557.2
0.09830,-1211.1,-708.0,6528.2,11557.2
0.09835,-1209.1,-706.6,6557.1,11557.2
0.09840,-1206.3,-705.3,6559.5,11540.5
0.09845,-1203.6,-703.9,6559.5,11540.5
0.09850,-1203.2,-703.7,6581.0,11523.2
0.09855,-1203.2,-703.7,6631.3,11523.2
0.09860,-1203.2,-703.7,6631.3,11540.5
0.09865,-1200.6,-701.1,6631.3,11578.3
0.09870,-1197.8,-698.3,6712.2,11595.1
0.09875,-1195.2,-695.7,6712.2,11595.1
0.09880,-1195.2,-695.7,6712.2,11706.0
0.09885,-1195.2,-695.7,6756.8,11785.5
0.09890,-1194.8,-695.3,6780.5,11789.1
0.09895,-1192.0,-692.5,6780.5,11824.0
0.09900,-1189.3,-689.8,6784.2,11851.0
0.09905,-1187.3,-687.8,6809.5,11878.0
0.09910,-1187.3,-687.8,6809.5,11897.3
0.09915,-1187.3,-687.8,6823.5,11897.3
0.09920,-1186.3,-686.8,6842.5,11897.3
0.09925,-1183.5,-684.0,6842.5,11903.6
0.09930,-1180.8,-681.3,6842.5,11903.6
0.09935,-1179.4,-679.9,6859.7,11916.3
0.09940,-1179.4,-679.9,6859.7,11939.3
0.09945,-1179.4,-679.9,6859.7,11916.3
0.09950,-1177.7,-678.2,6875.5,11903.6
0.09955,-1175.0,-675.5,6895.9,11859.4
0.09960,-1172.2,-672.7,6895.9,11903.6
0.09965,-1171.5,-672.0,6915.1,11916.3
0.09970,-1171.5,-672.0,6926.4,11888.3
0.09975,-1171.5,-672.0,6926.4,11888.3
0.09980,-1169.2,-669.7,6937.5,11880.5
0.09985,-1166.5,-667.0,6996.0,11880.5
0.09990,-1163.7,-664.2,6996.0,11888.3
0.09995,-1163.5,-664.0,6996.0,11926.1
0.10000,-1163.5,-664.0,7052.1,11946.6
0.10005,-1163.4,-663.9,7052.1,11946.6
0.10010,-1160.7,-661.2,7052.1,12057.0
0.10015,-1157.9,-658.4,7127.9,12113.2
0.10020,-1155.6,-656.1,7133.0,12137.0
0.10025,-1155.6,-656.1,7133.0,12244.8
0.10030,-1155.6,-656.1,7138.4,12244.8
0.10035,-1154.9,-655.4,7160.9,12244.8
0.10040,-1152.2,-652.7,7160.9,12244.8
0.10045,-1149.4,-649.9,7174.6,12244.8
0.10050,-1147.7,-648.2,7180.3,12244.8
0.10055,-1147.7,-648.2,7180.3,12244.8
0.10060,-1147.7,-648.2,7180.3,12244.8
0.10065,-1146.4,-647.5,7210.8,12244.8
0.10070,-1143.6,-646.2,7210.8,12260.3
0.10075,-1140.9,-644.8,7210.8,12260.3
0.10080,-1139.7,-643.4,7216.5,12260.3
0.10085,-1139.7,-642.0,7246.8,12260.3
0.10090,-1139.7,-640.7,7246.8,12260.3
0.10095,-1137.9,-639.3,7247.0,12260.3
0.10100,-1135.1,-637.9,7252.8,12236.1
0.10105,-1132.4,-636.6,7252.8,12240.2
0.10110,-1131.8,-635.2,7283.3,12240.2
0.10115,-1131.8,-633.8,7311.1,12240.2
0.10120,-1131.8,-632.4,7311.1,12248.7
0.10125,-1129.3,-632.3,7311.1,12248.7
0.10130,-1126.6,-632.3,7379.3,12251.7
0.10135,-1123.9,-632.3,7379.3,12251.7
0.10140,-1123.9,-629.5,7379.3,12251.7
0.10145,-1123.9,-626.8,7448.1,12257.1
0.10150,-1123.6,-624.4,7448.1,12438.2
0.10155,-1120.8,-624.4,7448.1,12569.7
0.10160,-1118.1,-624.4,7464.7,12569.7
0.10165,-1116.0,-623.8,7495.2,12569.7
0.10170,-1116.0,-621.0,7495.2,12569.7
0.10175,-1116.0,-618.3,7501.0,12575.1
0.10180,-1115.0,-616.5,7511.9,12579.3
0.10185,-1112.3,-616.5,7511.9,12579.3
0.10190,-1109.5,-616.5,7517.5,12579.3
0.10195,-1108.0,-615.8,7537.2,12579.3
0.10200,-1108.0,-614.5,7537.2,12604.4
0.10205,-1108.0,-613.1,7537.2,12604.4
0.10210,-1106.5,-611.7,7556.9,12604.4
0.10215,-1103.8,-610.4,7562.4,12604.4
0.10220,-1101.0,-609.0,7562.4,12604.4
0.10225,-1100.1,-608.5,7564.2,12545.9
0.10230,-1100.1,-608.5,7579.1,12545.9
0.10235,-1100.1,-608.5,7579.1,12561.9
0.10240,-1098.0,-606.4,7603.6,12561.9
0.10245,-1095.2,-603.7,7616.3,12561.9
0.10250,-1092.5,-600.9,7616.3,12579.7
0.10255,-1092.2,-600.6,7616.3,12583.5
0.10260,-1092.2,-600.6,7682.8,12587.8
0.10265,-1092.2,-600.6,7682.8,12587.8
0.10270,-1089.5,-597.9,7682.8,12591.7
0.10275,-1086.7,-595.1,7748.9,12591.7
0.10280,-1084.2,-592.7,7748.9,12591.7
0.10285,-1084.2,-592.7,7748.9,12591.7
0.10290,-1084.2,-592.7,7772.0,12591.7
0.10295,-1083.7,-592.4,7804.1,12807.7
0.10300,-1080.9,-591.0,7804.1,12901.4
0.10305,-1078.2,-589.6,7810.9,12901.4
0.10310,-1076.3,-588.3,7811.4,12901.4
0.10315,-1076.3,-586.9,7811.4,12901.4
0.10320,-1076.3,-585.5,7818.7,12901.4
0.10325,-1075.2,-584.7,7838.0,12901.4
0.10330,-1072.4,-584.7,7838.0,12901.4
0.10335,-1069.7,-584.7,7838.0,12901.4
0.10340,-1068.4,-583.3,7858.1,12901.4
0.10345,-1068.4,-580.5,7858.1,12951.6
0.10350,-1068.4,-577.8,7858.1,12951.6
0.10355,-1066.6,-576.8,7865.4,12951.6
0.10360,-1063.9,-576.8,7872.7,12951.6
0.10365,-1061.1,-576.8,7872.7,12941.1
0.10370,-1060.5,-575.8,7897.8,12928.3
0.10375,-1060.5,-574.4,7898.4,12896.2
0.10380,-1060.5,-573.0,7898.4,12928.3
0.10385,-1058.1,-571.7,7912.1,12928.3
0.10390,-1055.4,-570.3,7974.2,12913.8
0.10395,-1052.6,-568.9,7974.2,12913.8
0.10400,-1052.5,-567.6,7974.2,12913.8
0.10405,-1052.5,-566.2,8025.8,12913.8
0.10410,-1052.3,-564.8,8025.8,12913.8
0.10415,-1049.6,-563.4,8025.8,12914.6
0.10420,-1046.8,-562.1,8073.2,12918.8
0.10425,-1044.6,-561.0,8077.5,12918.8
0.10430,-1044.6,-561.0,8077.5,12918.8
0.10435,-1044.6,-561.0,8080.5,12923.1
0.10440,-1044.2,-560.6,8096.3,12957.1
0.10445,-1042.8,-559.2,8096.3,13064.2
0.10450,-1041.5,-557.8,8105.2,13171.4
0.10455,-1040.1,-556.4,8114.1,13235.9
0.10460,-1038.7,-555.1,8114.1,13235.9
0.10465,-1037.3,-553.7,8114.1,13235.9
0.10470,-1036.7,-552.3,8134.5,13235.9
0.10475,-1036.7,-551.0,8134.5,13235.9
0.10480,-1036.7,-549.6,8134.5,13235.9
0.10485,-1035.0,-548.2,8156.7,13235.9
0.10490,-1032.2,-546.8,8165.6,13235.9
0.10495,-1029.5,-545.5,8165.6,13235.9
0.10500,-1028.7,-545.1,8174.4,13209.3
0.10505,-1028.7,-545.1,8180.2,13209.3
0.10510,-1028.7,-545.1,8180.2,13212.3
0.10515,-1026.5,-544.0,8183.3,13212.3
0.10520,-1023.7,-542.6,8229.6,13243.8
0.10525,-1021.0,-541.2,8229.6,13243.8
0.10530,-1020.8,-539.8,8229.6,13243.8
0.10535,-1020.8,-538.5,8279.0,13235.9
0.10540,-1020.7,-537.1,8279.0,13235.9
0.10545,-1017.9,-535.7,8279.0,13235.9
0.10550,-1015.2,-534.4,8329.8,13235.9
0.10555,-1012.9,-533.0,8338.7,13235.9
0.10560,-1012.9,-531.6,8338.7,13235.9
0.10565,-1012.9,-530.2,8344.1,13235.9
0.10570,-1012.2,-529.2,8372.4,13235.9
0.10575,-1009.4,-529.2,8372.4,13235.9
0.10580,-1006.7,-529.2,8381.3,13235.9
0.10585,-1005.0,-528.7,8390.2,13235.9
0.10590,-1005.0,-527.4,8390.2,13235.9
0.10595,-1005.0,-526.0,8390.2,13235.9
0.10600,-1003.6,-524.6,8399.1,13285.4
0.10605,-1000.9,-523.2,8399.1,13388.3
0.10610,-998.1,-521.9,8399.1,13491.1
0.10615,-997.0,-521.3,8408.0,13535.7
0.10620,-997.0,-521.3,8416.9,13540.0
0.10625,-997.0,-521.3,8416.9,13540.0
0.10630,-995.1,-520.4,8422.5,13540.0
0.10635,-992.4,-519.0,8425.7,13540.0
0.10640,-989.6,-517.6,8425.7,13544.3
0.10645,-989.1,-516.2,8434.6,13545.6
0.10650,-989.1,-514.9,8471.9,13545.6
0.10655,-989.1,-513.5,8471.9,13541.1
0.10660,-986.6,-512.1,8471.9,13541.1
0.10665,-983.8,-510.8,8521.3,13533.4
0.10670,-981.2,-509.4,8521.3,13533.4
0.10675,-981.2,-508.0,8521.3,13533.4
0.10680,-981.2,-506.6,8580.4,13541.1
0.10685,-980.8,-505.5,8580.4,13541.1
0.10690,-978.1,-505.5,8580.4,13541.1
0.10695,-975.3,-505.5,8596.2,13533.2
0.10700,-973.2,-505.1,8606.7,13533.2
0.10705,-973.2,-503.7,8606.7,13533.2
0.10710,-973.2,-502.4,8617.2,13533.2
0.10715,-972.3,-501.0,8627.6,13533.2
0.10720,-969.5,-499.6,8627.6,13533.2
0.10725,-966.8,-498.3,8627.7,13533.2
0.10730,-965.3,-497.5,8638.2,13533.2
0.10735,-965.3,-497.5,8638.2,13533.2
0.10740,-965.3,-497.5,8638.2,13533.2
0.10745,-965.3,-496.7,8648.6,13562.3
0.10750,-965.3,-495.4,8656.9,13613.7
0.10755,-965.3,-494.0,8656.9,13665.1
0.10760,-963.5,-492.6,8659.1,13716.6
0.10765,-960.7,-491.3,8669.6,13768.0
0.10770,-958.0,-489.9,8669.6,13819.4
0.10775,-957.4,-489.6,8680.1,13830.5
0.10780,-957.4,-489.6,8704.1,13830.5
0.10785,-957.4,-489.6,8704.1,13830.5
0.10790,-954.9,-488.4,8704.1,13830.5
0.10795,-952.2,-487.0,8751.2,13830.5
0.10800,-949.5,-485.6,8751.2,13830.5
0.10805,-949.5,-484.3,8751.2,13830.5
0.10810,-949.5,-482.9,8798.4,13830.5
0.10815,-949.2,-481.5,8798.4,13830.5
0.10820,-946.4,-480.1,8798.4,13830.5
0.10825,-943.7,-478.8,8822.4,13830.5
0.10830,-941.5,-477.7,8832.9,13830.5
0.10835,-941.5,-477.7,8832.9,13825.8
0.10840,-941.5,-477.7,8843.4,13848.3
0.10845,-940.6,-477.3,8845.6,13856.7
0.10850,-937.9,-475.9,8845.6,13856.7
0.10855,-935.2,-474.5,8853.8,13856.7
0.10860,-933.6,-473.1,8864.3,13858.8
0.10865,-933.6,-471.8,8864.3,13858.8
0.10870,-933.6,-470.4,8864.3,13856.7
0.10875,-932.1,-469.8,8874.8,13856.1
0.10880,-929.4,-469.8,8874.9,13856.1
0.10885,-926.6,-469.8,8874.9,13842.9
0.10890,-925.7,-468.9,8885.3,13842.9
0.10895,-925.7,-467.5,8895.8,13842.9
0.10900,-925.7,-466.1,8895.8,13842.9
0.10905,-923.6,-464.8,8906.3,13842.9
0.10910,-920.8,-463.4,8922.1,13842.9
0.10915,-918.1,-462.0,8922.1,13842.9
0.10920,-917.7,-461.8,8922.1,13885.7
0.10925,-917.7,-461.8,8969.3,13934.9
0.10930,-917.7,-461.8,8969.3,13984.2
0.10935,-916.4,-460.5,8969.3,14033.5
0.10940,-915.0,-459.1,9016.4,14082.7
0.10945,-913.7,-457.8,9016.4,14127.8
0.10950,-912.3,-456.4,9016.4,14127.8
0.10955,-910.9,-455.0,9048.6,14127.8
0.10960,-909.8,-453.9,9059.0,14127.8
0.10965,-909.8,-453.9,9059.0,14127.8
0.10970,-909.8,-453.9,9063.6,14127.8
0.10975,-909.0,-453.5,9069.5,14126.6
0.10980,-906.2,-452.1,9069.5,14122.3
0.10985,-903.5,-450.8,9077.6,14122.3
0.10990,-901.9,-449.4,9077.6,14118.0
0.10995,-901.9,-448.0,9077.6,14100.0
0.11000,-901.9,-446.6,9077.6,14100.0
0.11005,-900.5,-446.0,9077.6,14094.6
0.11010,-897.7,-446.0,9077.6,14091.6
0.11015,-895.0,-446.0,9077.6,14091.6
0.11020,-894.0,-445.1,9086.7,14094.6
0.11025,-894.0,-443.8,9097.2,14102.0
0.11030,-894.0,-442.4,9097.2,14102.0
0.11035,-891.9,-441.0,9107.6,14102.1
0.11040,-889.2,-439.6,9115.3,14129.9
0.11045,-886.5,-438.3,9115.3,14127.8
0.11050,-886.0,-438.1,9118.1,14127.8
0.11055,-886.0,-438.1,9162.5,14127.8
0.11060,-886.0,-438.1,9162.5,14127.8
0.11065,-884.7,-436.8,9162.5,14127.8
0.11070,-883.3,-435.4,9209.7,14127.8
0.11075,-882.0,-434.0,9209.7,14127.6
0.11080,-880.6,-432.6,9209.7,14123.3
0.11085,-879.2,-431.3,9241.0,14119.0
0.11090,-878.1,-430.1,9241.0,14119.0
0.11095,-878.1,-430.1,9241.0,14119.0
0.11100,-878.1,-430.1,9254.5,14119.0
0.11105,-877.3,-429.7,9254.5,14119.0
0.11110,-874.6,-428.4,9254.5,14168.7
0.11115,-871.9,-427.0,9266.5,14220.1
0.11120,-870.2,-426.2,9267.1,14271.6
0.11125,-870.2,-426.2,9267.1,14323.0
0.11130,-870.2,-426.2,9267.1,14374.4
0.11135,-868.8,-425.5,9277.6,14386.7
0.11140,-866.1,-424.1,9277.6,14386.7
0.11145,-863.3,-422.7,9277.6,14386.7
0.11150,-862.2,-422.2,9288.1,14386.7
0.11155,-862.2,-422.2,9290.1,14386.7
0.11160,-862.2,-422.2,9290.1,14378.1
0.11165,-860.3,-421.2,9299.9,14375.6
0.11170,-857.5,-419.9,9302.1,14375.6
0.11175,-854.8,-418.5,9302.1,14375.6
0.11180,-854.3,-417.1,9314.2,14375.6
0.11185,-854.3,-415.7,9344.8,14375.6
0.11190,-854.3,-414.4,9344.8,14375.6
0.11195,-853.0,-414.3,9344.8,14363.7
0.11200,-851.7,-414.3,9389.8,14363.7
0.11205,-850.3,-414.2,9389.8,14383.1
0.11210,-848.9,-412.9,9389.8,14383.1
0.11215,-847.6,-411.5,9425.3,14414.9
0.11220,-846.4,-410.1,9425.3,14414.9
0.11225,-846.4,-408.7,9425.3,14419.1
0.11230,-846.4,-407.4,9437.1,14419.1
0.11235,-845.7,-406.3,9442.8,14414.9
0.11240,-842.9,-406.3,9442.8,14414.9
0.11245,-840.2,-406.3,9447.5,14386.5
0.11250,-838.5,-406.3,9454.2,14382.2
0.11255,-838.5,-406.3,9454.2,14382.2
0.11260,-838.5,-406.3,9454.2,14382.2
0.11265,-837.2,-405.7,9454.9,14382.2
0.11270,-834.4,-404.3,9454.9,14382.2
0.11275,-831.7,-403.0,9454.9,14382.2
0.11280,-830.5,-401.6,9464.7,14389.2
0.11285,-830.5,-400.2,9466.3,14412.8
0.11290,-830.5,-398.8,9466.3,14436.4
0.11295,-829.6,-398.4,9468.9,14459.9
0.11300,-828.2,-398.4,9478.4,14483.5
0.11305,-826.8,-398.4,9478.4,14507.1
0.11310,-825.5,-397.3,9478.4,14530.6
0.11315,-824.1,-396.0,9513.8,14554.2
0.11320,-822.7,-394.6,9513.8,14577.8
0.11325,-821.4,-393.2,9513.8,14601.3
0.11330,-820.0,-391.8,9534.0,14624.9
0.11335,-818.6,-390.5,9534.0,14635.8
0.11340,-817.2,-390.5,9534.0,14635.8
0.11345,-815.9,-390.5,9578.9,14635.8
0.11350,-814.7,-390.5,9578.9,14639.5
0.11355,-814.7,-390.5,9578.9,14642.0
0.11360,-814.7,-390.5,9594.9,14639.5
0.11365,-814.0,-390.2,9606.4,14635.8
0.11370,-811.3,-388.8,9606.4,14635.8
0.11375,-808.6,-387.4,9607.0,14635.8
0.11380,-806.7,-386.1,9618.4,14635.8
0.11385,-806.7,-384.7,9618.4,14623.4
0.11390,-806.7,-383.3,9618.4,14623.4
0.11395,-806.1,-382.6,9618.4,14621.5
0.11400,-804.8,-382.6,9618.4,14573.1
0.11405,-803.4,-382.6,9618.4,14621.5
0.11410,-802.0,-381.8,9627.0,14622.8
0.11415,-800.6,-380.4,9627.0,14622.8
0.11420,-799.3,-379.1,9627.0,14622.8
0.11425,-797.9,-377.7,9629.9,14622.8
0.11430,-796.5,-376.3,9630.5,14640.3
0.11435,-795.2,-375.8,9630.5,14632.0
0.11440,-792.7,-375.8,9641.9,14632.0
0.11445,-790.0,-375.8,9658.0,14632.0
0.11450,-787.2,-375.8,9658.0,14627.7
0.11455,-786.9,-374.9,9658.0,14627.7
0.11460,-786.9,-374.6,9702.9,14627.7
0.11465,-786.9,-374.6,9702.9,14627.7
0.11470,-785.6,-374.6,9702.9,14627.7
0.11475,-784.2,-373.1,9723.1,14627.7
0.11480,-783.0,-370.5,9723.1,14627.7
0.11485,-783.0,-369.2,9723.1,14636.8
0.11490,-783.0,-367.8,9758.5,14660.4
0.11495,-782.7,-366.7,9757.8,14684.0
0.11500,-781.3,-366.7,9757.8,14707.5
0.11505,-779.9,-366.7,9758.5,14731.1
0.11510,-778.6,-366.7,9768.0,14754.7
0.11515,-777.2,-366.7,9768.0,14778.2
0.11520,-775.8,-366.7,9769.9,14801.8
0.11525,-775.0,-366.1,9769.9,14825.3
0.11530,-775.0,-364.8,9769.9,14848.9
0.11535,-775.0,-363.4,9769.9,14858.8
0.11540,-773.6,-362.0,9769.9,14858.8
0.11545,-770.8,-360.6,9769.9,14858.8
0.11550,-768.1,-359.3,9769.9,14861.9
0.11555,-767.1,-358.8,9781.4,14870.4
0.11560,-767.1,-358.8,9782.0,14861.9
0.11565,-767.1,-358.8,9782.0,14858.8
0.11570,-766.1,-358.8,9787.0,14858.8
0.11575,-764.7,-358.8,9792.8,14858.8
0.11580,-763.3,-358.8,9792.8,14858.8
0.11585,-762.0,-357.6,9792.8,14854.9
0.11590,-760.6,-356.2,9835.5,14854.9
0.11595,-759.2,-354.9,9835.5,14854.9
0.11600,-759.2,-353.5,9835.5,14827.3
0.11605,-759.2,-352.1,9867.2,14827.3
0.11610,-759.0,-350.8,9867.2,14872.2
0.11615,-756.2,-350.8,9867.2,14901.0
0.11620,-753.5,-350.8,9896.1,14901.0
0.11625,-751.2,-350.8,9896.1,14872.2
0.11630,-751.2,-350.8,9896.1,14872.2
0.11635,-751.2,-350.8,9897.3,14855.4
0.11640,-750.8,-350.4,9897.3,14846.8
0.11645,-749.5,-349.1,9897.3,14846.8
0.11650,-748.1,-347.7,9908.3,14838.2
0.11655,-746.7,-346.3,9908.7,14836.0
0.11660,-745.4,-345.0,9908.7,14831.8
0.11665,-744.0,-343.6,9908.7,14832.7
0.11670,-742.6,-342.9,9908.7,14836.0
0.11675,-741.2,-342.9,9908.7,14838.2
0.11680,-739.9,-342.9,9908.7,14838.2
0.11685,-738.5,-342.9,9908.7,14838.2
0.11690,-737.1,-342.9,9920.8,14850.7
0.11695,-735.8,-342.9,9920.8,14868.7
0.11700,-735.4,-341.9,9920.8,14886.6
0.11705,-735.4,-340.6,9921.6,14904.6
0.11710,-735.4,-339.2,9921.6,14922.6
0.11715,-734.2,-337.8,9921.6,14940.6
0.11720,-732.9,-336.4,9955.4,14958.6
0.11725,-731.5,-335.1,9955.4,14976.6
0.11730,-730.1,-335.0,9955.4,14994.6
0.11735,-728.8,-335.0,9986.7,15012.6
0.11740,-727.4,-335.0,9986.7,15030.6
0.11745,-726.0,-335.0,9986.7,15048.6
0.11750,-724.6,-335.0,10016.0,15066.6
0.11755,-723.3,-334.8,10016.0,15066.6
0.11760,-721.9,-333.4,10016.0,15066.6
0.11765,-720.5,-332.0,10032.1,15066.6
0.11770,-719.5,-330.7,10032.1,15066.6
0.11775,-719.5,-329.3,10032.1,15058.5
0.11780,-719.5,-327.9,10034.7,15058.5
0.11785,-719.0,-327.1,10035.4,15050.0
0.11790,-717.6,-327.1,10035.4,15040.4
0.11795,-716.3,-327.1,10035.4,15040.4
0.11800,-714.9,-327.1,10035.4,15040.4
0.11805,-713.5,-327.1,10035.4,15028.4
0.11810,-712.2,-327.1,10035.4,15040.4
0.11815,-711.6,-327.1,10035.4,15040.4
0.11820,-711.6,-327.1,10035.4,15040.4
0.11825,-711.6,-327.1,10035.4,15040.4
0.11830,-709.7,-325.1,10037.2,15042.2
0.11835,-706.9,-322.4,10039.7,15073.0
0.11840,-704.2,-319.7,10039.7,15061.5
0.11845,-703.7,-319.1,10039.7,15061.5
0.11850,-703.7,-319.1,10075.3,15061.5
0.11855,-703.7,-319.1,10075.3,15053.0
0.11860,-702.4,-319.1,10075.3,15053.0
0.11865,-701.0,-319.1,10093.2,15053.0
0.11870,-699.7,-319.1,10093.2,15044.4
0.11875,-698.3,-319.1,10093.2,15044.4
0.11880,-696.9,-319.1,10135.9,15044.4
0.11885,-695.7,-318.9,10135.9,15044.4
0.11890,-695.7,-317.6,10135.9,15044.4
0.11895,-695.7,-316.2,10144.8,15050.3
0.11900,-695.4,-314.8,10147.4,15064.6
0.11905,-694.0,-313.5,10147.4,15078.8
0.11910,-692.7,-312.1,10150.0,15093.1
0.11915,-691.3,-311.2,10149.9,15107.4
0.11920,-689.9,-311.2,10149.9,15121.7
0.11925,-688.6,-311.2,10149.9,15136.0
0.11930,-687.2,-311.2,10149.9,15150.2
0.11935,-685.8,-311.2,10149.9,15164.5
0.11940,-684.4,-311.2,10149.9,15178.8
0.11945,-683.1,-310.4,10149.9,15193.1
0.11950,-681.7,-309.1,10152.4,15207.4
0.11955,-680.3,-307.7,10152.4,15221.7
0.11960,-679.9,-306.3,10152.4,15235.9
0.11965,-679.9,-304.9,10152.5,15243.7
0.11970,-679.9,-303.6,10152.5,15243.7
0.11975,-678.8,-303.3,10155.0,15243.7
0.11980,-677.4,-303.3,10170.4,15243.7
0.11985,-676.1,-303.3,10170.4,15243.7
0.11990,-674.7,-303.3,10170.4,15235.2
0.11995,-673.3,-303.3,10213.1,15235.2
0.12000,-672.0,-303.3,10213.1,15235.2
0.12005,-672.0,-303.3,10213.1,15226.6
0.12010,-672.0,-303.3,10231.0,15226.6
0.12015,-671.8,-303.1,10231.0,15226.6
0.12020,-670.4,-301.8,10231.0,15218.0
0.12025,-669.1,-300.4,10248.9,15235.9
0.12030,-667.7,-299.0,10248.9,15253.9
0.12035,-666.3,-297.6,10248.9,15253.9
0.12040,-664.9,-296.3,10252.0,15253.9
0.12045,-663.6,-295.3,10251.5,15253.9
0.12050,-662.2,-295.3,10251.5,15256.9
0.12055,-660.8,-295.3,10251.5,15256.9
0.12060,-659.5,-295.3,10251.5,15256.9
0.12065,-658.1,-295.3,10251.5,15256.9
0.12070,-656.7,-295.3,10251.5,15222.1
0.12075,-656.1,-295.3,10251.5,15221.0
0.12080,-656.1,-295.3,10251.5,15221.0
0.12085,-656.1,-295.3,10251.5,15209.2
0.12090,-655.2,-294.4,10251.3,15209.2
0.12095,-653.8,-293.1,10254.0,15209.2
0.12100,-652.5,-291.7,10254.0,15212.6
0.12105,-651.1,-290.3,10256.6,15221.0
0.12110,-649.7,-289.0,10265.5,15222.1
0.12115,-648.3,-287.6,10265.5,15223.7
0.12120,-648.2,-287.4,10265.5,15234.7
0.12125,-648.2,-287.4,10296.3,15245.7
0.12130,-648.2,-287.4,10296.3,15256.7
0.12135,-646.8,-287.4,10296.3,15267.7
0.12140,-645.5,-287.4,10326.1,15278.7
0.12145,-644.1,-287.4,10326.1,15289.8
0.12150,-642.7,-287.4,10326.1,15300.8
0.12155,-641.3,-287.4,10344.0,15311.8
0.12160,-640.2,-287.1,10339.4,15322.8
0.12165,-640.2,-285.8,10339.4,15333.8
0.12170,-640.2,-284.4,10344.0,15344.8
0.12175,-639.8,-283.0,10344.0,15355.9
0.12180,-638.5,-281.7,10344.0,15366.9
0.12185,-637.1,-280.3,10350.5,15377.9
0.12190,-635.7,-279.5,10341.9,15388.9
0.12195,-634.3,-279.5,10341.9,15388.9
0.12200,-633.0,-279.5,10341.9,15396.7
0.12205,-631.6,-279.5,10341.9,15399.9
0.12210,-630.2,-279.5,10341.9,15402.8
0.12215,-628.9,-279.5,10341.9,15402.8
0.12220,-628.3,-279.5,10341.9,15402.8
0.12225,-628.3,-279.5,10344.5,15396.7
0.12230,-628.3,-279.5,10344.5,15396.7
0.12235,-627.3,-278.5,10344.5,15383.9
0.12240,-626.0,-277.1,10351.5,15383.5
0.12245,-624.6,-275.7,10351.5,15383.5
0.12250,-623.2,-274.4,10351.5,15340.8
0.12255,-621.9,-273.0,10378.6,15340.8
0.12260,-620.5,-271.6,10378.6,15383.5
0.12265,-620.4,-271.6,10378.6,15383.5
0.12270,-620.4,-271.6,10396.5,15401.4
0.12275,-620.3,-271.6,10396.5,15401.4
0.12280,-619.0,-271.6,10396.5,15428.2
0.12285,-617.6,-271.6,10423.3,15428.2
0.12290,-616.2,-271.6,10423.3,15401.4
0.12295,-614.8,-271.6,10423.3,15401.4
0.12300,-613.5,-271.6,10427.3,15363.8
0.12305,-612.1,-271.2,10427.3,15363.4
0.12310,-610.7,-269.8,10427.3,15363.4
0.12315,-609.4,-268.4,10429.9,15354.8
0.12320,-608.5,-267.1,10429.9,15354.8
0.12325,-608.5,-265.7,10429.9,15354.8
0.12330,-608.5,-264.3,10429.9,15354.8
0.12335,-607.8,-263.6,10429.9,15356.6
0.12340,-606.5,-263.6,10429.9,15363.4
0.12345,-605.1,-263.6,10429.9,15366.3
0.12350,-603.7,-263.6,10421.3,15376.1
0.12355,-602.4,-263.6,10422.3,15385.9
0.12360,-601.0,-263.6,10422.3,15395.7
0.12365,-600.6,-263.6,10422.3,15405.5
0.12370,-600.6,-263.6,10432.4,15415.3
0.12375,-600.6,-263.6,10432.4,15425.1
0.12380,-599.5,-263.6,10423.8,15434.9
0.12385,-598.1,-263.6,10448.9,15444.7
0.12390,-596.7,-263.6,10448.9,15454.5
0.12395,-595.4,-261.1,10448.9,15464.3
0.12400,-594.0,-258.3,10478.5,15474.1
0.12405,-592.7,-255.7,10478.5,15483.9
0.12410,-592.7,-255.7,10478.5,15493.7
0.12415,-592.7,-255.7,10494.1,15503.4
0.12420,-592.5,-255.7,10494.1,15513.2
0.12425,-591.1,-255.7,10494.1,15520.8
0.12430,-589.7,-255.7,10504.1,15523.0
0.12435,-588.4,-255.7,10504.1,15527.1
0.12440,-587.0,-255.7,10504.1,15529.4
0.12445,-585.6,-255.7,10506.7,15529.4
0.12450,-584.7,-255.7,10506.7,15529.4
0.12455,-584.7,-255.7,10506.7,15527.1
0.12460,-584.7,-255.7,10506.7,15527.1
0.12465,-584.1,-255.1,10495.5,15520.8
0.12470,-582.7,-253.7,10495.5,15489.4
0.12475,-581.4,-252.3,10495.5,15489.4
0.12480,-580.0,-250.9,10495.5,15487.1
0.12485,-578.6,-249.6,10495.5,15481.5
0.12490,-577.2,-248.2,10495.5,15487.1
0.12495,-576.8,-247.8,10493.2,15489.4
0.12500,-576.8,-247.8,10498.1,15491.9
0.12505,-576.8,-247.8,10498.1,15491.9
0.12510,-575.7,-247.8,10498.1,15513.8
0.12515,-574.3,-247.8,10508.9,15526.0
0.12520,-573.0,-247.8,10508.9,15513.8
0.12525,-571.6,-247.8,10508.9,15513.8
0.12530,-570.2,-247.8,10537.2,15513.8
0.12535,-568.9,-247.8,10537.2,15499.0
0.12540,-568.9,-247.8,10537.2,15506.5
0.12545,-568.9,-247.8,10565.0,15506.5
0.12550,-568.7,-247.6,10565.0,15506.5
0.12555,-567.3,-246.2,10565.0,15506.5
0.12560,-566.0,-244.9,10569.8,15506.5
0.12565,-564.9,-243.5,10565.0,15514.0
0.12570,-564.9,-242.1,10565.0,15521.5
0.12575,-564.9,-240.7,10569.8,15529.0
0.12580,-564.5,-239.8,10569.8,15536.5
0.12585,-563.1,-239.8,10569.8,15544.0
0.12590,-561.7,-239.8,10569.8,15551.5
0.12595,-560.3,-239.8,10561.2,15559.0
0.12600,-559.0,-239.8,10561.2,15566.5
0.12605,-557.6,-239.8,10561.2,15574.0
0.12610,-557.0,-239.8,10561.2,15581.5
0.12615,-557.0,-239.8,10561.2,15589.0
0.12620,-557.0,-239.8,10561.2,15596.5
0.12625,-556.1,-239.8,10550.1,15604.0
0.12630,-554.7,-239.8,10561.2,15611.5
0.12635,-553.3,-239.8,10561.2,15618.9
0.12640,-552.0,-238.8,10552.7,15626.4
0.12645,-550.6,-237.4,10564.8,15633.9
0.12650,-549.2,-236.0,10564.8,15641.4
0.12655,-549.1,-234.7,10564.8,15641.4
0.12660,-549.1,-233.3,10595.4,15641.4
0.12665,-549.1,-231.9,10595.4,15647.1
0.12670,-547.7,-231.9,10595.4,15648.9
0.12675,-546.3,-231.9,10611.1,15648.9
0.12680,-545.0,-231.9,10611.1,15647.1
0.12685,-543.6,-231.9,10611.1,15630.0
0.12690,-542.2,-231.9,10621.8,15630.0
0.12695,-541.1,-231.9,10621.8,15617.6
0.12700,-541.1,-231.9,10621.8,15615.7
0.12705,-541.1,-231.9,10626.7,15615.7
0.12710,-540.7,-231.9,10624.4,15615.7
0.12715,-539.3,-231.9,10624.4,15572.5
0.12720,-538.0,-231.9,10624.4,15615.7
0.12725,-537.2,-231.9,10624.4,15618.2
0.12730,-537.2,-231.9,10624.4,15618.2
0.12735,-537.2,-231.9,10624.4,15618.2
0.12740,-536.4,-230.5,10613.3,15629.3
0.12745,-535.1,-227.7,10613.3,15663.4
0.12750,-533.7,-225.0,10613.3,15629.3
0.12755,-532.3,-224.0,10607.8,15618.2
0.12760,-531.0,-224.0,10613.3,15618.2
0.12765,-529.6,-224.0,10613.3,15598.2
0.12770,-529.2,-224.0,10607.8,15583.8
0.12775,-529.2,-224.0,10625.8,15583.8
0.12780,-529.2,-224.0,10625.8,15571.1
0.12785,-528.1,-224.0,10625.8,15562.3
0.12790,-526.7,-224.0,10641.5,15562.3
0.12795,-525.3,-224.0,10641.5,15562.4
0.12800,-525.3,-224.0,10641.5,15562.4
0.12805,-525.3,-224.0,10657.1,15562.4
0.12810,-525.2,-224.0,10657.1,15562.4
0.12815,-523.8,-224.0,10657.1,15569.9
0.12820,-522.4,-224.0,10672.8,15577.4
0.12825,-521.1,-223.5,10672.8,15584.9
0.12830,-519.7,-220.7,10672.8,15592.4
0.12835,-518.3,-218.0,10672.8,15599.8
0.12840,-517.3,-216.1,10672.8,15607.3
0.12845,-517.3,-216.1,10672.8,15614.8
0.12850,-517.3,-216.1,10673.9,15622.3
0.12855,-516.8,-216.1,10672.8,15629.8
0.12860,-515.4,-216.1,10672.8,15637.3
0.12865,-514.1,-216.1,10672.8,15644.8
0.12870,-512.7,-216.1,10665.3,15652.3
0.12875,-511.3,-216.1,10665.3,15659.8
0.12880,-509.9,-216.1,10665.3,15667.3
0.12885,-509.4,-216.1,10654.2,15674.8
0.12890,-509.4,-216.1,10654.2,15682.3
0.12895,-509.4,-216.1,10654.2,15689.8
0.12900,-509.4,-216.1,10650.0,15697.3
0.12905,-509.4,-216.1,10654.2,15697.3
0.12910,-509.4,-216.1,10654.2,15697.3
0.12915,-508.3,-216.1,10650.0,15697.3
0.12920,-506.9,-216.1,10687.5,15697.3
0.12925,-505.5,-216.1,10687.5,15704.8
0.12930,-504.2,-213.5,10687.5,15696.8
0.12935,-502.8,-210.7,10703.2,15696.8
0.12940,-501.5,-208.1,10703.2,15696.8
0.12945,-501.5,-208.1,10703.2,15685.1
0.12950,-501.5,-208.1,10718.9,15696.8
0.12955,-501.3,-208.1,10714.8,15719.7
0.12960,-499.9,-208.1,10714.8,15719.7
0.12965,-498.5,-208.1,10718.9,15723.8
0.12970,-497.2,-208.1,10714.8,15719.7
0.12975,-495.8,-208.1,10714.8,15719.7
0.12980,-494.4,-208.1,10714.8,15719.7
0.12985,-493.6,-208.1,10705.4,15719.7
0.12990,-493.6,-208.1,10705.4,15739.5
0.12995,-493.6,-208.1,10705.4,15719.7
0.13000,-492.9,-208.1,10705.4,15708.6
0.13005,-491.5,-208.1,10705.4,15708.6
0.13010,-490.2,-208.1,10705.4,15645.2
0.13015,-489.6,-208.1,10705.4,15645.2
0.13020,-489.6,-208.1,10705.4,15653.8
0.13025,-489.6,-208.1,10705.4,15653.8
0.13030,-488.6,-206.2,10695.1,15653.8
0.13035,-487.3,-203.5,10706.2,15653.8
0.13040,-485.9,-200.7,10706.2,15662.4
0.13045,-485.6,-200.2,10695.1,15670.9
0.13050,-485.6,-200.2,10708.8,15679.5
0.13055,-485.6,-200.2,10708.8,15688.1
0.13060,-484.4,-200.2,10708.8,15696.6
0.13065,-483.0,-200.2,10724.5,15705.2
0.13070,-481.6,-200.2,10724.5,15713.8
0.13075,-480.3,-200.2,10724.5,15722.4
0.13080,-478.9,-200.2,10740.2,15730.9
0.13085,-477.7,-200.2,10740.2,15739.5
0.13090,-477.7,-200.2,10740.2,15748.1
0.13095,-477.7,-200.2,10751.4,15756.6
0.13100,-477.7,-200.2,10751.4,15765.2
0.13105,-477.7,-200.2,10751.4,15773.8
0.13110,-477.7,-200.2,10753.1,15782.3
0.13115,-477.2,-200.2,10751.4,15790.9
0.13120,-475.9,-200.2,10751.4,15799.5
0.13125,-474.5,-200.2,10751.4,15808.0
0.13130,-473.1,-198.9,10744.6,15816.6
0.13135,-471.7,-196.2,10744.6,15816.6
0.13140,-470.4,-193.5,10744.6,15816.6
0.13145,-469.8,-192.3,10733.4,15816.6
0.13150,-469.8,-192.3,10733.4,15816.6
0.13155,-469.8,-192.3,10733.4,15818.7
0.13160,-468.8,-192.3,10722.3,15797.8
0.13165,-467.5,-192.3,10730.1,15735.1
0.13170,-466.1,-192.3,10730.1,15735.1
0.13175,-464.7,-192.3,10722.3,15719.4
0.13180,-463.4,-192.3,10730.1,15719.4
0.13185,-462.0,-192.3,10730.1,15735.1
0.13190,-461.8,-192.3,10730.1,15735.1
0.13195,-461.8,-192.3,10745.8,15750.7
0.13200,-461.8,-192.3,10745.8,15750.7
0.13205,-461.8,-192.3,10745.8,15750.7
0.13210,-461.8,-192.3,10761.5,15766.4
0.13215,-461.7,-192.3,10761.5,15766.4
0.13220,-460.3,-192.3,10761.5,15766.4
0.13225,-459.0,-192.3,10787.8,15774.2
0.13230,-457.6,-192.3,10782.9,15774.2
0.13235,-456.2,-192.3,10782.9,15781.5
0.13240,-454.8,-192.3,10787.8,15781.5
0.13245,-453.9,-191.4,10782.9,15774.2
0.13250,-453.9,-188.6,10782.9,15774.2
0.13255,-453.9,-185.9,10782.9,15772.9
0.13260,-453.9,-184.3,10771.8,15772.9
0.13265,-453.9,-184.3,10771.8,15775.8
0.13270,-453.9,-184.3,10771.8,15775.8
0.13275,-453.2,-184.3,10760.7,15775.8
0.13280,-451.8,-184.3,10760.7,15775.8
0.13285,-450.4,-184.3,10760.7,15778.7
0.13290,-449.1,-184.3,10749.6,15781.5
0.13295,-447.7,-184.3,10751.4,15784.4
0.13300,-446.3,-184.3,10751.4,15787.2
0.13305,-446.0,-184.3,10749.6,15790.1
0.13310,-446.0,-184.3,10751.4,15792.9
0.13315,-446.0,-184.3,10751.4,15795.8
0.13320,-446.0,-184.3,10751.4,15798.6
0.13325,-446.0,-184.3,10767.1,15801.5
0.13330,-446.0,-184.3,10767.1,15804.4
0.13335,-444.6,-184.3,10767.1,15807.2
0.13340,-443.3,-184.3,10782.8,15810.1
0.13345,-441.8,-184.3,10782.8,15812.9
0.13350,-439.0,-184.3,10798.4,15815.8
0.13355,-437.6,-184.3,10798.4,15818.6
0.13360,-437.1,-183.8,10782.8,15821.5
0.13365,-436.3,-181.1,10782.8,15824.4
0.13370,-436.3,-178.3,10798.4,15827.2
0.13375,-435.7,-176.4,10798.4,15830.1
0.13380,-434.9,-176.4,10798.4,15832.9
0.13385,-434.9,-176.4,10799.0,15832.9
0.13390,-434.1,-176.4,10787.9,15832.9
0.13395,-434.1,-176.4,10773.2,15832.9
0.13400,-434.1,-176.4,10787.9,15835.8
0.13405,-433.4,-175.7,10787.9,15835.8
0.13410,-432.0,-175.7,10787.9,15781.8
0.13415,-430.6,-175.7,10787.9,15781.8
0.13420,-430.1,-175.7,10776.8,15770.6
0.13425,-430.1,-175.7,10776.8,15770.6
0.13430,-430.1,-176.0,10776.8,15777.7
0.13435,-430.1,-176.4,10772.7,15777.7
0.13440,-430.1,-176.4,10776.8,15781.8
0.13445,-430.1,-176.4,10776.8,15781.8
0.13450,-427.8,-176.4,10772.7,15777.7
0.13455,-425.1,-176.4,10788.4,15793.3
0.13460,-422.3,-176.4,10788.4,15793.3
0.13465,-422.2,-176.4,10788.4,15809.0
0.13470,-422.2,-176.4,10804.0,15809.0
0.13475,-422.2,-176.2,10804.0,15793.3
0.13480,-422.2,-173.5,10804.0,15793.3
0.13485,-422.2,-170.8,10819.7,15775.9
0.13490,-422.0,-168.5,10812.6,15750.3
0.13495,-420.6,-168.5,10812.6,15750.3
0.13500,-419.2,-168.5,10819.7,15748.9
0.13505,-418.2,-168.5,10812.6,15747.4
0.13510,-418.2,-168.5,10812.6,15746.0
0.13515,-418.2,-168.5,10812.6,15744.5
0.13520,-417.7,-168.5,10801.5,15744.5
0.13525,-416.3,-168.5,10801.5,15744.5
0.13530,-415.0,-168.5,10801.5,15743.0
0.13535,-414.3,-168.5,10790.4,15741.6
0.13540,-414.3,-168.5,10790.4,15740.1
0.13545,-414.3,-168.5,10790.4,15738.6
0.13550,-414.3,-168.5,10779.3,15737.2
0.13555,-414.3,-168.5,10779.3,15735.7
0.13560,-414.3,-168.5,10779.3,15734.3
0.13565,-413.3,-168.5,10769.2,15732.8
0.13570,-411.9,-168.5,10779.3,15731.3
0.13575,-410.6,-168.5,10779.3,15729.9
0.13580,-409.2,-168.5,10769.2,15728.4
0.13585,-407.8,-168.5,10784.9,15726.9
0.13590,-406.4,-168.5,10784.9,15725.5
0.13595,-406.3,-168.5,10800.6,15724.0
0.13600,-406.3,-168.5,10807.7,15722.6
0.13605,-406.3,-168.4,10807.7,15721.1
0.13610,-406.3,-165.6,10807.7,15719.6
0.13615,-406.3,-162.9,10807.7,15719.6
0.13620,-406.1,-160.6,10807.7,15719.6
0.13625,-404.8,-160.6,10807.7,15718.2
0.13630,-403.4,-160.6,10807.7,15718.2
0.13635,-402.0,-160.6,10807.7,15718.2
0.13640,-400.7,-160.6,10807.7,15723.7
0.13645,-399.3,-160.6,10807.7,15808.9
0.13650,-398.4,-160.6,10807.7,15808.9
0.13655,-398.4,-160.6,10807.7,15808.9
0.13660,-398.4,-160.6,10807.7,15808.9
0.13665,-398.4,-160.6,10807.7,15797.8
0.13670,-398.4,-160.6,10806.5,15797.8
0.13675,-398.4,-160.6,10806.5,15797.8
0.13680,-397.6,-160.6,10795.4,15786.7
0.13685,-396.3,-160.6,10792.5,15786.7
0.13690,-394.9,-160.6,10795.4,15786.7
0.13695,-393.5,-160.6,10795.4,15786.7
0.13700,-392.1,-160.6,10806.2,15815.8
0.13705,-390.8,-160.6,10806.2,15812.7
0.13710,-390.5,-160.6,10795.4,15812.7
0.13715,-390.5,-160.6,10806.2,15812.7
0.13720,-390.5,-160.6,10806.2,15812.7
0.13725,-390.5,-160.6,10806.2,15812.7
0.13730,-390.5,-160.6,10821.9,15812.7
0.13735,-390.5,-160.5,10821.9,15812.7
0.13740,-390.5,-157.8,10821.9,15812.7
0.13745,-390.5,-155.0,10837.5,15812.7
0.13750,-390.2,-152.6,10837.5,15812.7
0.13755,-387.4,-152.6,10837.5,15812.7
0.13760,-384.7,-152.6,10842.4,15812.7
0.13765,-382.6,-152.6,10837.5,15812.7
0.13770,-382.6,-152.6,10837.5,15812.7
0.13775,-382.6,-152.6,10842.4,15812.7
0.13780,-382.6,-152.6,10831.2,15812.7
0.13785,-382.6,-152.6,10831.2,15812.7
0.13790,-382.6,-152.6,10831.2,15812.7
0.13795,-382.6,-152.6,10820.1,15812.7
0.13800,-382.6,-152.6,10820.1,15812.7
0.13805,-382.6,-152.6,10820.1,15812.7
0.13810,-381.8,-152.6,10809.0,15812.7
0.13815,-380.4,-152.6,10809.0,15812.7
0.13820,-379.1,-152.6,10809.0,15812.7
0.13825,-377.7,-152.6,10797.9,15812.7
0.13830,-376.3,-152.6,10802.7,15812.7
0.13835,-374.9,-152.6,10802.7,15812.7
0.13840,-374.6,-152.6,10797.9,15812.7
0.13845,-374.6,-152.6,10802.7,15812.7
0.13850,-374.6,-152.6,10802.7,15812.7
0.13855,-374.6,-152.6,10802.7,15812.7
0.13860,-374.6,-152.6,10818.4,15812.7
0.13865,-374.6,-152.6,10818.4,15812.7
0.13870,-373.3,-151.3,10818.4,15812.7
0.13875,-371.9,-149.9,10834.0,15812.7
0.13880,-370.5,-148.5,10834.0,15812.7
0.13885,-369.2,-147.2,10834.0,15812.7
0.13890,-367.8,-145.8,10844.8,15812.7
0.13895,-366.7,-144.7,10834.0,15812.7
0.13900,-366.7,-144.7,10834.0,15812.7
0.13905,-366.7,-144.7,10844.8,15812.7
0.13910,-366.7,-144.7,10833.7,15812.7
0.13915,-366.7,-144.7,10833.7,15812.7
0.13920,-366.7,-144.7,10833.7,15812.7
0.13925,-366.7,-144.7,10822.6,15812.7
0.13930,-366.7,-144.7,10822.6,15812.7
0.13935,-366.7,-144.7,10822.6,15812.7
0.13940,-366.0,-144.7,10811.5,15812.7
0.13945,-364.6,-144.7,10811.5,15812.7
0.13950,-363.2,-144.7,10811.5,15812.7
0.13955,-361.9,-144.7,10800.4,15812.7
0.13960,-360.5,-144.7,10800.4,15812.7
0.13965,-359.1,-144.7,10800.4,15812.7
0.13970,-358.8,-144.7,10800.4,15833.4
0.13975,-358.8,-144.7,10825.3,15836.9
0.13980,-358.8,-144.7,10800.4,15865.8
0.13985,-358.8,-144.7,10799.2,15860.4
0.13990,-358.8,-144.7,10807.7,15860.4
0.13995,-358.8,-144.7,10807.7,15860.4
0.14000,-358.8,-144.7,10807.7,15860.4
0.14005,-358.8,-144.7,10807.7,15860.4
0.14010,-358.6,-144.7,10807.7,15854.1
0.14015,-355.8,-144.7,10807.7,15847.9
0.14020,-353.1,-144.7,10807.7,15841.6
0.14025,-350.8,-144.2,10807.7,15835.4
0.14030,-350.8,-141.5,10807.7,15829.1
0.14035,-350.8,-138.7,10807.7,15822.8
0.14040,-350.8,-136.8,10807.7,15816.6
0.14045,-350.8,-136.8,10807.7,15810.3
0.14050,-350.8,-136.8,10807.7,15804.1
0.14055,-350.8,-136.8,10807.7,15797.8
0.14060,-350.8,-136.8,10807.7,15791.6
0.14065,-350.8,-136.8,10807.7,15785.3
0.14070,-350.8,-136.8,10807.7,15779.0
0.14075,-350.8,-136.8,10778.0,15772.8
0.14080,-350.8,-136.8,10778.0,15766.5
0.14085,-349.2,-136.8,10766.9,15760.3
0.14090,-346.4,-136.8,10766.9,15754.0
0.14095,-343.7,-136.8,10771.0,15747.7
0.14100,-342.9,-136.8,10771.0,15741.5
0.14105,-342.9,-136.8,10778.0,15741.5
0.14110,-342.9,-136.8,10778.0,15741.5
0.14115,-342.9,-136.8,10771.0,15741.5
0.14120,-342.9,-136.8,10786.6,15741.5
0.14125,-342.9,-136.8,10786.6,15749.6
0.14130,-342.9,-136.8,10786.6,15749.6
0.14135,-342.9,-136.8,10802.3,15791.6
0.14140,-342.8,-136.8,10802.3,15807.3
0.14145,-341.5,-136.8,10802.3,15807.3
0.14150,-340.1,-136.8,10818.0,15822.9
0.14155,-338.7,-136.8,10813.9,15818.8
0.14160,-337.4,-136.8,10813.9,15818.8
0.14165,-336.0,-136.8,10818.0,15822.9
0.14170,-335.0,-136.8,10813.9,15818.8
0.14175,-335.0,-136.8,10813.9,15818.8
0.14180,-335.0,-136.8,10813.9,15818.8
0.14185,-335.0,-135.7,10802.8,15807.7
0.14190,-335.0,-133.0,10802.8,15807.7
0.14195,-335.0,-130.3,10802.8,15807.7
0.14200,-335.0,-128.8,10791.6,15807.7
0.14205,-335.0,-128.8,10791.6,15822.5
0.14210,-335.0,-128.8,10791.6,15810.7
0.14215,-335.0,-128.8,10780.5,15810.7
0.14220,-335.0,-128.8,10780.5,15810.7
0.14225,-335.0,-128.8,10780.5,15807.8
0.14230,-333.1,-128.8,10769.4,15807.8
0.14235,-330.3,-128.8,10780.5,15807.8
0.14240,-327.6,-128.8,10780.5,15805.0
0.14245,-327.1,-128.8,10769.4,15802.1
0.14250,-327.1,-128.8,10783.2,15799.3
0.14255,-327.1,-128.8,10783.2,15796.4
0.14260,-327.1,-128.8,10783.2,15793.6
0.14265,-327.1,-128.8,10798.8,15790.7
0.14270,-327.1,-128.8,10798.8,15787.8
0.14275,-327.1,-128.8,10798.8,15785.0
0.14280,-327.1,-128.8,10814.5,15782.1
0.14285,-327.1,-128.8,10814.5,15779.3
0.14290,-327.1,-128.8,10827.5,15776.4
0.14295,-327.1,-128.8,10827.5,15773.6
0.14300,-326.4,-128.8,10814.5,15770.7
0.14305,-323.7,-128.8,10814.5,15767.8
0.14310,-320.9,-128.8,10797.8,15765.0
0.14315,-319.1,-128.8,10797.8,15762.1
0.14320,-319.1,-128.8,10830.2,15759.3
0.14325,-319.1,-128.8,10797.8,15756.4
0.14330,-319.1,-128.8,10765.4,15753.6
0.14335,-319.1,-128.8,10744.8,15750.7
0.14340,-319.1,-128.8,10765.4,15747.9
0.14345,-319.1,-128.1,10765.4,15745.0
0.14350,-319.1,-126.7,10747.1,15744.2
0.14355,-319.1,-125.3,10747.1,15744.2
0.14360,-319.1,-124.0,10739.2,15742.1
0.14365,-319.1,-122.6,10739.2,15742.1
0.14370,-319.1,-121.2,10747.1,15742.1
0.14375,-318.1,-120.9,10747.1,15740.9
0.14380,-316.7,-120.9,10754.9,15744.2
0.14385,-315.3,-120.9,10754.9,15759.8
0.14390,-313.9,-120.9,10754.9,15759.8
0.14395,-312.6,-120.9,10770.6,15775.5
0.14400,-311.2,-120.9,10770.6,15775.5
0.14405,-311.2,-120.9,10770.6,15775.5
0.14410,-311.2,-120.9,10786.2,15791.2
0.14415,-311.2,-120.9,10786.2,15791.2
0.14420,-311.2,-120.9,10786.2,15791.2
0.14425,-311.2,-120.9,10794.0,15799.0
0.14430,-311.2,-120.9,10786.2,15791.2
0.14435,-311.2,-120.9,10786.2,15791.2
0.14440,-311.2,-120.9,10794.0,15799.0
0.14445,-310.8,-120.9,10782.9,15799.0
0.14450,-309.4,-120.9,10782.9,15806.9
0.14455,-308.0,-120.9,10782.9,15822.5
0.14460,-306.6,-120.9,10782.9,15825.3
0.14465,-305.3,-120.9,10817.6,15825.8
0.14470,-303.9,-120.9,10782.9,15826.3
0.14475,-303.3,-120.9,10771.8,15826.8
0.14480,-303.3,-120.9,10771.8,15827.3
0.14485,-303.3,-120.9,10771.8,15827.3
0.14490,-303.3,-120.9,10782.8,15827.3
0.14495,-303.3,-120.9,10782.8,15827.3
0.14500,-303.3,-120.9,10764.9,15827.8
0.14505,-303.3,-120.9,10750.4,15828.3
0.14510,-303.3,-120.9,10742.3,15828.7
0.14515,-303.3,-120.9,10750.4,15829.2
0.14520,-303.3,-120.9,10750.4,15829.7
0.14525,-303.3,-120.9,10758.0,15830.2
0.14530,-303.3,-120.9,10758.0,15830.7
0.14535,-300.6,-119.6,10742.3,15831.2
0.14540,-297.9,-118.2,10742.3,15831.7
0.14545,-295.3,-116.8,10758.0,15832.2
0.14550,-295.3,-115.5,10758.0,15832.6
0.14555,-295.3,-114.1,10771.7,15833.1
0.14560,-295.3,-113.0,10760.6,15833.6
0.14565,-295.3,-113.0,10760.6,15834.1
0.14570,-295.3,-113.0,10771.7,15834.6
0.14575,-295.3,-113.0,10760.6,15835.1
0.14580,-295.3,-113.0,10760.6,15835.1
0.14585,-295.3,-113.0,10760.6,15835.1
0.14590,-295.3,-113.0,10749.5,15835.1
0.14595,-295.3,-113.0,10749.5,15835.1
0.14600,-295.3,-113.0,10749.5,15820.4
0.14605,-295.3,-113.0,10738.4,15804.7
0.14610,-295.3,-113.0,10738.4,15764.3
0.14615,-295.3,-113.0,10738.4,15758.2
0.14620,-293.6,-113.0,10738.4,15754.2
0.14625,-290.9,-113.0,10768.4,15703.3
0.14630,-288.1,-113.0,10738.4,15754.2
0.14635,-287.4,-113.0,10768.3,15703.3
0.14640,-287.4,-113.0,10768.3,15703.3
0.14645,-287.4,-113.0,10728.0,15719.0
0.14650,-287.4,-113.0,10728.0,15703.3
0.14655,-287.4,-113.0,10729.7,15703.3
0.14660,-287.4,-113.0,10729.7,15719.0
0.14665,-287.4,-113.0,10728.0,15719.0
0.14670,-287.4,-113.0,10728.0,15734.7
0.14675,-287.4,-113.0,10729.7,15734.7
0.14680,-287.4,-113.0,10728.0,15750.3
0.14685,-287.4,-113.0,10729.7,15750.3
0.14690,-287.2,-113.0,10738.3,15734.7
0.14695,-285.8,-113.0,10738.3,15734.7
0.14700,-284.4,-113.0,10745.4,15685.9
0.14705,-283.1,-113.0,10738.3,15663.0
0.14710,-281.7,-113.0,10738.3,15638.9
0.14715,-280.3,-113.0,10738.3,15638.4
0.14720,-279.5,-112.5,10727.2,15637.9
0.14725,-279.5,-111.1,10727.2,15637.5
0.14730,-279.5,-109.7,10727.2,15637.0
0.14735,-279.5,-108.3,10727.2,15636.5
0.14740,-279.5,-107.0,10762.8,15636.0
0.14745,-279.5,-105.6,10727.2,15635.5
0.14750,-279.5,-105.1,10716.1,15635.0
0.14755,-279.5,-105.1,10716.1,15634.5
0.14760,-279.5,-105.1,10716.1,15634.0
0.14765,-279.5,-105.1,10735.2,15633.6
0.14770,-279.5,-105.1,10735.2,15633.1
0.14775,-279.5,-105.1,10706.7,15632.6
0.14780,-279.5,-105.1,10702.8,15632.1
0.14785,-279.5,-105.1,10701.5,15631.6
0.14790,-279.5,-105.1,10702.8,15631.1
0.14795,-276.9,-105.1,10702.8,15630.6
0.14800,-274.2,-105.1,10706.7,15630.1
0.14805,-271.6,-105.1,10706.7,15629.7
0.14810,-271.6,-105.1,10701.5,15629.2
0.14815,-271.6,-105.1,10701.5,15628.7
0.14820,-271.6,-105.1,10716.0,15628.2
0.14825,-271.6,-105.1,10716.0,15627.7
0.14830,-271.6,-105.1,10717.1,15627.7
0.14835,-271.6,-105.1,10716.0,15627.7
0.14840,-271.6,-105.1,10716.0,15627.7
0.14845,-271.6,-105.1,10716.0,15627.7
0.14850,-271.6,-105.1,10716.0,15633.3
0.14855,-271.6,-105.1,10732.8,15690.9
0.14860,-271.6,-105.1,10716.0,15690.9
0.14865,-271.6,-105.1,10709.8,15690.9
0.14870,-271.6,-105.1,10735.6,15690.9
0.14875,-271.6,-105.1,10709.8,15690.9
0.14880,-270.0,-105.1,10709.8,15651.7
0.14885,-267.2,-105.1,10709.8,15646.8
0.14890,-264.5,-105.1,10701.1,15651.7
0.14895,-263.6,-105.1,10696.2,15646.8
0.14900,-263.6,-105.1,10657.5,15646.8
0.14905,-263.6,-105.1,10696.2,15651.7
0.14910,-263.6,-105.1,10657.5,15651.7
0.14915,-263.6,-105.1,10657.5,15662.5
0.14920,-263.6,-105.1,10673.2,15662.5
0.14925,-263.6,-103.8,10657.5,15678.2
0.14930,-263.6,-102.4,10657.5,15713.1
0.14935,-263.6,-101.1,10673.2,15708.8
0.14940,-263.6,-99.7,10673.2,15708.8
0.14945,-263.6,-98.3,10688.9,15708.8
0.14950,-263.6,-97.1,10688.9,15704.5
0.14955,-263.6,-97.1,10688.9,15704.5
0.14960,-263.6,-97.1,10693.7,15704.5
0.14965,-263.0,-97.1,10693.7,15700.2
0.14970,-260.3,-97.1,10704.5,15695.9
0.14975,-257.5,-97.1,10704.5,15691.6
0.14980,-255.7,-97.1,10693.7,15687.4
0.14985,-255.7,-97.1,10704.5,15683.1
0.14990,-255.7,-97.1,10693.7,15678.8
0.14995,-255.7,-97.1,10659.1,15674.5
0.15000,-255.7,-97.1,10659.1,15670.2
0.15005,-255.7,-97.1,10659.1,15665.9
0.15010,-255.7,-97.1,10624.4,15661.6
0.15015,-255.7,-97.1,10613.6,15657.4
0.15020,-255.7,-97.1,10624.4,15653.1
0.15025,-255.7,-97.1,10613.6,15648.8
0.15030,-255.7,-97.1,10613.6,15644.5
0.15035,-255.7,-97.1,10624.4,15640.2
0.15040,-255.7,-97.1,10624.4,15635.9
0.15045,-255.7,-97.1,10629.3,15631.7
0.15050,-255.7,-97.1,10629.3,15627.4
0.15055,-255.7,-97.1,10629.3,15623.1
0.15060,-255.7,-97.1,10644.9,15618.8
0.15065,-255.7,-97.1,10644.9,15614.5
0.15070,-253.0,-97.1,10660.6,15610.2
0.15075,-250.2,-97.1,10660.6,15610.2
0.15080,-247.8,-97.1,10644.9,15610.2
0.15085,-247.8,-97.1,10660.6,15606.0
0.15090,-247.8,-97.1,10660.6,15606.0
0.15095,-247.8,-97.1,10617.1,15606.0
0.15100,-247.8,-97.1,10617.1,15599.5
0.15105,-247.8,-97.1,10617.1,15640.4
0.15110,-247.8,-97.1,10617.1,15640.4
0.15115,-247.8,-97.1,10613.1,15640.4
0.15120,-247.8,-97.1,10613.1,15640.4
0.15125,-247.8,-97.1,10613.3,15629.3
0.15130,-247.8,-97.1,10576.6,15629.3
0.15135,-247.8,-97.1,10613.3,15629.3
0.15140,-247.8,-97.1,10613.3,15629.3
0.15145,-247.8,-97.1,10613.3,15663.4
0.15150,-247.8,-97.1,10613.3,15629.3
0.15155,-247.8,-96.3,10613.3,15618.2
0.15160,-247.8,-94.9,10642.8,15618.2
0.15165,-247.8,-93.5,10613.3,15618.2
0.15170,-245.7,-92.1,10642.8,15663.4
0.15175,-243.0,-90.8,10642.8,15688.8
0.15180,-240.2,-89.4,10615.5,15681.1
0.15185,-239.8,-89.2,10642.8,15673.0
0.15190,-239.8,-89.2,10642.8,15673.0
0.15195,-239.8,-89.2,10615.5,15673.0
0.15200,-239.8,-89.2,10586.7,15673.0
0.15205,-239.8,-89.2,10586.7,15673.0
0.15210,-239.8,-89.2,10615.5,15665.0
0.15215,-239.8,-89.2,10586.7,15657.0
0.15220,-239.8,-89.2,10586.7,15648.9
0.15225,-239.8,-89.2,10613.2,15640.9
0.15230,-239.8,-89.2,10586.7,15632.9
0.15235,-239.8,-89.2,10613.2,15624.8
0.15240,-239.8,-89.2,10623.2,15616.8
0.15245,-239.8,-89.2,10624.3,15608.8
0.15250,-239.8,-89.2,10624.3,15600.7
0.15255,-239.8,-89.2,10613.2,15592.7
0.15260,-239.8,-89.2,10638.9,15584.7
0.15265,-239.8,-89.2,10613.2,15576.6
0.15270,-238.5,-89.2,10603.3,15568.6
0.15275,-235.7,-89.2,10612.4,15560.6
0.15280,-233.0,-89.2,10603.3,15552.5
0.15285,-231.9,-89.2,10589.6,15544.5
0.15290,-231.9,-89.2,10548.0,15536.5
0.15295,-231.9,-89.2,10589.6,15528.4
0.15300,-231.9,-89.2,10548.0,15520.4
0.15305,-231.9,-89.2,10548.0,15520.4
0.15310,-231.9,-89.2,10563.6,15520.4
0.15315,-231.9,-89.2,10563.6,15520.4
0.15320,-231.9,-89.2,10563.6,15520.4
0.15325,-231.9,-89.2,10563.6,15536.5
0.15330,-231.9,-89.2,10563.6,15568.6
0.15335,-231.9,-89.2,10565.4,15568.6
0.15340,-231.9,-89.2,10565.4,15568.6
0.15345,-231.9,-89.2,10566.7,15570.3
0.15350,-231.9,-89.2,10566.7,15570.3
0.15355,-231.9,-89.2,10565.4,15539.0
0.15360,-231.9,-89.2,10565.4,15536.5
0.15365,-231.9,-89.2,10532.6,15536.5
0.15370,-231.2,-89.2,10532.6,15539.0
0.15375,-228.4,-89.2,10529.0,15522.9
0.15380,-225.7,-89.2,10529.0,15522.9
0.15385,-224.0,-89.2,10529.0,15548.8
0.15390,-224.0,-89.2,10516.2,15514.2
0.15395,-224.0,-89.2,10529.0,15548.8
0.15400,-224.0,-88.5,10532.7,15559.9
0.15405,-224.0,-87.2,10504.0,15585.4
0.15410,-224.0,-85.8,10532.7,15574.3
0.15415,-224.0,-84.4,10543.9,15574.3
0.15420,-224.0,-83.1,10575.4,15574.3
0.15425,-224.0,-81.7,10543.9,15570.0
0.15430,-224.0,-81.3,10566.9,15570.0
0.15435,-224.0,-81.3,10566.9,15570.0
0.15440,-224.0,-81.3,10535.0,15565.7
0.15445,-224.0,-81.3,10535.0,15561.5
0.15450,-224.0,-81.3,10535.0,15557.2
0.15455,-224.0,-81.3,10535.0,15552.9
0.15460,-224.0,-81.3,10526.3,15548.6
0.15465,-224.0,-81.3,10526.3,15544.3
0.15470,-223.9,-81.3,10535.0,15540.0
0.15475,-221.2,-81.3,10526.3,15535.8
0.15480,-218.4,-81.3,10526.3,15531.5
0.15485,-216.1,-81.3,10541.9,15527.2
0.15490,-216.1,-81.3,10541.9,15522.9
0.15495,-216.1,-81.3,10543.8,15518.6
0.15500,-216.1,-81.3,10543.8,15514.3
0.15505,-216.1,-81.3,10554.9,15510.0
0.15510,-216.1,-81.3,10554.9,15505.8
0.15515,-216.1,-81.3,10543.8,15501.5
0.15520,-216.1,-81.3,10557.6,15497.2
0.15525,-216.1,-81.3,10543.8,15492.9
0.15530,-216.1,-81.3,10511.5,15488.6
0.15535,-216.1,-81.3,10511.5,15484.3
0.15540,-216.1,-81.3,10511.5,15480.1
0.15545,-216.1,-81.3,10474.5,15475.8
0.15550,-216.1,-81.3,10466.7,15471.6
0.15555,-216.1,-81.3,10474.5,15471.6
0.15560,-216.1,-81.3,10466.7,15471.6
0.15565,-216.1,-81.3,10466.7,15471.6
0.15570,-216.1,-81.3,10474.5,15471.5
0.15575,-216.1,-81.3,10482.3,15471.6
0.15580,-216.1,-81.3,10498.0,15490.6
0.15585,-216.1,-81.3,10482.3,15490.6
0.15590,-213.6,-81.3,10498.0,15518.6
0.15595,-210.9,-81.3,10498.0,15518.6
0.15600,-208.1,-81.3,10482.3,15490.6
0.15605,-208.1,-81.3,10498.0,15462.5
0.15610,-208.1,-81.3,10498.0,15462.5
0.15615,-208.1,-81.3,10467.7,15490.6
0.15620,-208.1,-81.3,10452.3,15462.5
0.15625,-208.1,-81.3,10452.3,15462.5
0.15630,-208.1,-81.3,10467.7,15490.5
0.15635,-208.1,-81.3,10441.9,15462.5
0.15640,-208.1,-81.3,10441.9,15490.5
0.15645,-208.1,-81.3,10485.6,15501.7
0.15650,-208.1,-81.3,10485.6,15509.5
0.15655,-208.1,-81.3,10485.6,15525.2
0.15660,-208.1,-81.3,10485.6,15528.6
0.15665,-208.1,-81.3,10518.6,15528.6
0.15670,-208.1,-81.3,10485.6,15528.6
0.15675,-208.1,-80.5,10483.1,15528.6
0.15680,-208.1,-79.2,10483.3,15528.6
0.15685,-208.1,-77.8,10483.1,15521.1
0.15690,-208.1,-77.3,10469.5,15513.6
0.15695,-208.1,-77.3,10429.3,15506.1
0.15700,-208.1,-77.3,10469.5,15498.6
0.15705,-206.0,-76.3,10429.3,15491.1
0.15710,-203.3,-74.9,10429.3,15483.6
0.15715,-200.6,-73.5,10445.0,15476.1
0.15720,-200.2,-73.3,10445.0,15468.6
0.15725,-200.2,-73.3,10436.3,15461.1
0.15730,-200.2,-73.3,10436.3,15453.6
0.15735,-200.2,-73.3,10445.0,15446.1
0.15740,-200.2,-73.3,10445.0,15438.6
0.15745,-200.2,-73.3,10436.3,15431.1
0.15750,-200.2,-73.3,10445.0,15423.6
0.15755,-200.2,-73.3,10436.3,15416.1
0.15760,-200.2,-73.3,10411.4,15408.6
0.15765,-200.2,-73.3,10404.2,15401.1
0.15770,-200.2,-73.3,10404.2,15393.6
0.15775,-200.2,-73.3,10404.2,15386.1
0.15780,-200.2,-73.3,10397.7,15378.6
0.15785,-200.2,-73.3,10397.7,15378.6
0.15790,-200.2,-73.3,10427.4,15378.6
0.15795,-200.2,-73.3,10427.4,15378.6
0.15800,-200.2,-73.3,10427.4,15371.1
0.15805,-200.2,-73.3,10442.2,15371.1
0.15810,-200.2,-73.3,10455.1,15422.4
0.15815,-200.2,-73.3,10442.2,15422.4
0.15820,-199.3,-73.3,10442.2,15422.4
0.15825,-198.0,-73.3,10442.2,15422.4
0.15830,-196.6,-73.3,10428.6,15422.4
0.15835,-195.2,-73.3,10421.5,15381.2
0.15840,-193.9,-73.3,10391.9,15381.2
0.15845,-192.5,-73.3,10421.5,15396.9
0.15850,-192.3,-73.3,10391.9,15396.9
0.15855,-192.3,-73.3,10391.9,15395.2
0.15860,-192.3,-73.3,10407.6,15395.2
0.15865,-192.3,-73.3,10407.6,15395.2
0.15870,-192.3,-73.3,10391.9,15396.9
0.15875,-192.3,-73.3,10391.9,15396.9
0.15880,-192.3,-73.3,10407.6,15419.3
0.15885,-192.3,-73.3,10407.6,15426.7
0.15890,-192.3,-73.3,10374.5,15419.8
0.15895,-192.3,-73.3,10407.6,15419.3
0.15900,-192.3,-73.3,10374.5,15419.3
0.15905,-192.3,-73.3,10370.5,15419.3
0.15910,-192.3,-73.3,10356.8,15419.3
0.15915,-192.3,-73.3,10356.8,15412.8
0.15920,-192.3,-73.3,10356.8,15405.8
0.15925,-192.3,-73.3,10340.7,15398.9
0.15930,-192.3,-73.3,10356.8,15391.9
0.15935,-192.3,-73.3,10369.2,15384.9
0.15940,-192.3,-73.3,10369.2,15378.0
0.15945,-192.3,-73.3,10369.2,15371.0
0.15950,-191.4,-73.3,10401.3,15364.1
0.15955,-190.1,-73.3,10401.3,15357.1
0.15960,-188.7,-73.3,10391.6,15350.1
0.15965,-187.3,-73.3,10391.6,15343.2
0.15970,-186.0,-73.3,10391.6,15336.2
0.15975,-184.6,-73.3,10387.7,15329.2
0.15980,-184.3,-72.2,10359.8,15322.3
0.15985,-184.3,-70.8,10354.6,15315.3
0.15990,-184.3,-69.5,10359.8,15308.4
0.15995,-184.3,-69.4,10354.6,15301.4
0.16000,-184.3,-69.4,10354.6,15294.4
0.16005,-184.3,-69.3,10359.8,15287.5
0.16010,-184.3,-68.0,10359.8,15287.5
0.16015,-184.3,-66.6,10354.6,15287.5
0.16020,-184.3,-65.4,10354.6,15287.2
0.16025,-184.3,-65.4,10370.3,15280.5
0.16030,-184.3,-65.4,10370.3,15280.5
0.16035,-184.3,-65.4,10329.6,15287.2
0.16040,-184.3,-65.4,10370.3,15287.2
0.16045,-184.3,-65.4,10329.6,15304.3
0.16050,-184.3,-65.4,10315.9,15308.9
0.16055,-184.3,-65.4,10312.8,15338.2
0.16060,-184.3,-65.4,10315.9,15338.2
0.16065,-184.3,-65.4,10315.9,15343.1
0.16070,-184.3,-65.4,10315.9,15368.9
0.16075,-184.3,-65.4,10315.9,15343.1
0.16080,-183.5,-65.4,10349.3,15345.4
0.16085,-182.2,-65.4,10346.0,15351.0
0.16090,-180.8,-65.4,10346.0,15345.4
0.16095,-179.4,-65.4,10346.0,15343.1
0.16100,-178.1,-65.4,10346.0,15290.8
0.16105,-176.7,-65.4,10335.6,15343.1
0.16110,-176.4,-65.4,10313.7,15345.4
0.16115,-176.4,-65.4,10301.5,15329.7
0.16120,-176.4,-65.4,10313.7,15345.4
0.16125,-176.4,-65.4,10301.5,15346.9
0.16130,-176.4,-65.4,10301.5,15346.9
0.16135,-176.4,-65.4,10313.7,15356.2
0.16140,-176.4,-65.4,10313.7,15363.2
0.16145,-176.4,-65.4,10301.5,15363.2
0.16150,-176.4,-65.4,10301.5,15356.2
0.16155,-176.4,-65.4,10317.2,15355.7
0.16160,-176.4,-65.4,10317.2,15355.7
0.16165,-176.4,-65.4,10277.6,15355.7
0.16170,-176.4,-65.4,10317.2,15348.2
0.16175,-176.4,-65.4,10277.6,15340.7
0.16180,-176.4,-65.4,10266.7,15333.2
0.16185,-176.4,-65.4,10263.9,15325.7
0.16190,-176.4,-65.4,10263.9,15318.2
0.16195,-176.4,-65.4,10263.9,15310.7
0.16200,-176.4,-65.4,10231.7,15303.2
0.16205,-176.4,-65.4,10263.9,15295.7
0.16210,-176.4,-65.4,10263.9,15288.2
0.16215,-176.4,-65.4,10263.9,15280.7
0.16220,-176.4,-65.4,10263.9,15273.2
0.16225,-174.6,-65.4,10291.2,15265.7
0.16230,-171.9,-65.4,10291.2,15258.2
0.16235,-169.1,-65.4,10267.7,15250.7
0.16240,-168.5,-65.4,10267.7,15243.2
0.16245,-168.5,-65.4,10267.7,15235.7
0.16250,-168.5,-65.4,10267.7,15228.2
0.16255,-168.5,-65.4,10248.5,15220.7
0.16260,-168.5,-65.4,10248.5,15220.7
0.16265,-168.5,-65.4,10264.2,15220.7
0.16270,-168.5,-65.4,10264.2,15220.7
0.16275,-168.5,-65.4,10248.5,15213.2
0.16280,-168.5,-65.4,10248.5,15209.0
0.16285,-168.5,-65.4,10264.2,15209.0
0.16290,-168.5,-65.4,10264.2,15209.0
0.16295,-168.5,-65.4,10225.5,15209.0
0.16300,-168.5,-65.4,10264.2,15209.0
0.16305,-168.5,-65.4,10225.5,15209.0
0.16310,-168.5,-65.0,10220.6,15209.0
0.16315,-168.5,-63.6,10211.9,15209.0
0.16320,-168.5,-62.2,10211.9,15205.7
0.16325,-168.5,-61.4,10211.9,15185.2
0.16330,-168.5,-61.4,10211.9,15158.3
0.16335,-168.5,-61.4,10211.9,15158.3
0.16340,-168.5,-61.4,10245.2,15210.7
0.16345,-168.5,-61.4,10245.2,15210.7
0.16350,-168.5,-61.4,10245.2,15210.7
0.16355,-168.5,-60.6,10245.2,15210.7
0.16360,-168.5,-59.2,10245.2,15210.7
0.16365,-168.5,-57.8,10231.6,15261.2
0.16370,-166.4,-57.5,10221.6,15261.2
0.16375,-163.7,-57.5,10195.5,15261.2
0.16380,-161.0,-57.5,10221.6,15253.7
0.16385,-160.6,-57.5,10195.5,15253.7
0.16390,-160.6,-57.5,10195.5,15253.7
0.16395,-160.6,-57.5,10211.1,15246.2
0.16400,-160.6,-57.5,10211.1,15238.7
0.16405,-160.6,-57.5,10195.5,15231.2
0.16410,-160.6,-57.5,10195.5,15223.7
0.16415,-160.6,-57.5,10211.1,15216.2
0.16420,-160.6,-57.5,10211.1,15208.7
0.16425,-160.6,-57.5,10174.6,15201.2
0.16430,-160.6,-57.5,10211.1,15193.7
0.16435,-160.6,-57.5,10174.6,15186.2
0.16440,-160.6,-57.5,10173.5,15178.7
0.16445,-160.6,-57.5,10159.9,15171.2
0.16450,-160.6,-57.5,10159.9,15163.7
0.16455,-160.6,-57.5,10159.9,15156.2
0.16460,-160.6,-57.5,10159.9,15148.7
0.16465,-160.6,-57.5,10159.9,15141.2
0.16470,-160.6,-57.5,10193.2,15133.7
0.16475,-160.6,-57.5,10193.2,15126.2
0.16480,-160.6,-57.5,10193.2,15118.7
0.16485,-160.6,-57.5,10193.2,15111.2
0.16490,-160.6,-57.5,10193.2,15111.2
0.16495,-160.6,-57.5,10179.6,15111.2
0.16500,-160.6,-57.5,10175.5,15111.2
0.16505,-160.6,-57.5,10142.4,15111.2
0.16510,-160.6,-57.5,10175.5,15104.2
0.16515,-160.6,-57.5,10175.5,15131.7
0.16520,-160.6,-57.5,10144.2,15135.7
0.16525,-160.6,-57.5,10144.2,15135.7
0.16530,-158.0,-57.5,10144.2,15164.8
0.16535,-155.2,-57.5,10142.4,15164.8
0.16540,-152.6,-57.5,10142.4,15135.7
0.16545,-152.6,-57.5,10144.2,15135.7
0.16550,-152.6,-57.5,10144.2,15117.8
0.16555,-152.6,-57.5,10112.9,15117.8
0.16560,-152.6,-57.5,10110.4,15101.7
0.16565,-152.6,-57.5,10110.4,15101.7
0.16570,-152.6,-57.5,10112.9,15117.8
0.16575,-152.6,-57.5,10096.7,15101.7
0.16580,-152.6,-57.5,10096.7,15101.7
0.16585,-152.6,-57.5,10133.8,15138.7
0.16590,-152.6,-57.5,10133.8,15138.7
0.16595,-152.6,-57.5,10133.8,15163.7
0.16600,-152.6,-57.5,10133.8,15163.7
0.16605,-152.6,-57.5,10145.1,15163.7
0.16610,-152.6,-57.5,10133.8,15155.7
0.16615,-152.6,-57.5,10126.7,15155.7
0.16620,-152.6,-57.5,10126.7,15155.7
0.16625,-152.6,-57.5,10126.7,15147.7
0.16630,-152.6,-57.5,10073.7,15139.6
0.16635,-152.6,-57.5,10073.7,15131.6
0.16640,-152.6,-57.5,10089.4,15123.6
0.16645,-152.6,-57.5,10089.4,15115.5
0.16650,-152.6,-57.5,10089.4,15107.5
0.16655,-152.6,-57.5,10089.4,15099.5
0.16660,-152.6,-57.5,10098.1,15091.4
0.16665,-152.6,-57.5,10098.1,15083.4
0.16670,-152.6,-57.5,10089.4,15075.4
0.16675,-152.6,-57.5,10098.1,15067.3
0.16680,-152.6,-57.5,10098.1,15059.3
0.16685,-152.3,-57.5,10067.3,15051.3
0.16690,-149.5,-57.5,10058.3,15043.2
0.16695,-146.8,-57.5,10058.3,15035.2
0.16700,-144.7,-57.2,10067.3,15027.2
0.16705,-144.7,-55.8,10067.3,15019.1
0.16710,-144.7,-54.4,10044.7,15011.1
0.16715,-144.7,-53.5,10078.0,15007.6
0.16720,-144.7,-53.5,10078.0,15007.6
0.16725,-144.7,-53.5,10078.0,15007.6
0.16730,-144.7,-53.5,10078.0,15003.1
0.16735,-144.7,-53.5,10099.0,15003.1
0.16740,-144.7,-53.5,10078.0,15007.6
0.16745,-144.7,-52.7,10064.4,15010.0
0.16750,-144.7,-51.4,10020.7,15016.9
0.16755,-144.7,-50.0,10064.4,15016.9
0.16760,-144.7,-49.6,10064.4,15024.8
0.16765,-144.7,-49.6,10064.4,15062.5
0.16770,-144.7,-49.6,10064.4,15062.5
0.16775,-144.7,-49.6,10067.7,15088.3
0.16780,-144.7,-49.6,10039.6,15088.3
0.16785,-144.7,-49.6,10039.6,15062.5
0.16790,-144.7,-49.6,10067.7,15062.5
0.16795,-144.7,-49.6,10067.7,15044.6
0.16800,-144.7,-49.6,10039.6,15044.6
0.16805,-144.7,-49.6,10011.6,15016.5
0.16810,-144.7,-49.6,10011.6,15016.5
0.16815,-144.7,-49.6,10039.6,15044.6
0.16820,-144.7,-49.6,10039.6,15044.6
0.16825,-144.7,-49.6,10011.6,15062.6
0.16830,-144.7,-49.6,10014.9,15063.6
0.16835,-144.7,-49.6,10014.9,15063.6
0.16840,-144.7,-49.6,10014.9,15075.2
0.16845,-144.3,-49.6,10014.9,15079.7
0.16850,-142.9,-49.6,10058.6,15079.7
0.16855,-141.5,-49.6,10014.9,15079.7
0.16860,-140.1,-49.6,10001.2,15078.2
0.16865,-138.8,-49.6,9980.2,15078.2
0.16870,-137.4,-49.6,10001.2,15078.2
0.16875,-136.8,-49.6,10001.2,15066.6
0.16880,-136.8,-49.6,10001.2,15055.0
0.16885,-136.8,-49.6,10001.2,15043.4
0.16890,-136.8,-49.6,10034.6,15031.7
0.16895,-136.8,-49.6,10012.0,15020.1
0.16900,-136.8,-49.6,10012.0,15008.5
0.16905,-136.8,-49.6,10020.9,14996.8
0.16910,-136.8,-49.6,10020.9,14985.2
0.16915,-136.8,-49.6,10012.0,14973.6
0.16920,-136.8,-49.6,9981.2,14961.9
0.16925,-136.8,-49.6,9981.2,14950.3
0.16930,-136.8,-49.6,9989.9,14938.7
0.16935,-136.8,-49.6,9989.9,14927.1
0.16940,-136.8,-49.6,9981.2,14915.4
0.16945,-136.8,-49.6,9981.2,14903.8
0.16950,-136.8,-49.6,9981.2,14903.8
0.16955,-136.8,-49.6,9951.8,14903.8
0.16960,-136.8,-49.6,9951.8,14897.9
0.16965,-136.8,-49.6,9989.9,14896.7
0.16970,-136.8,-49.6,9951.8,14896.7
0.16975,-136.8,-49.6,9949.8,14897.9
0.16980,-136.8,-49.6,9938.1,14918.1
0.16985,-136.8,-49.6,9938.1,14918.1
0.16990,-136.8,-49.6,9938.1,14925.0
0.16995,-136.8,-49.6,9938.1,14965.3
0.17000,-136.8,-49.6,9938.1,14965.3
0.17005,-136.8,-49.6,9971.5,14966.7
0.17010,-136.8,-49.6,9971.5,14989.3
0.17015,-136.8,-49.6,9971.5,14966.7
0.17020,-136.8,-49.6,9971.5,14965.3
0.17025,-136.8,-49.6,9971.5,14962.7
0.17030,-136.8,-49.6,9957.8,14962.7
0.17035,-135.8,-49.6,9950.8,14955.7
0.17040,-134.4,-49.6,9921.2,14926.1
0.17045,-133.0,-49.6,9950.8,14955.7
0.17050,-131.6,-49.6,9950.8,14955.7
0.17055,-130.3,-49.6,9921.2,14946.5
0.17060,-128.9,-49.6,9921.2,14955.7
0.17065,-128.8,-49.6,9921.2,14955.7
0.17070,-128.8,-49.6,9919.4,14963.7
0.17075,-128.8,-49.6,9919.4,14976.0
0.17080,-128.8,-49.6,9921.2,14977.6
0.17085,-128.8,-49.6,9919.4,14977.6
0.17090,-128.8,-49.6,9888.6,14976.0
0.17095,-128.8,-49.6,9887.9,14969.6
0.17100,-128.8,-49.6,9887.9,14969.6
0.17105,-128.8,-49.6,9887.9,14969.6
0.17110,-128.8,-49.6,9887.9,14961.6
0.17115,-128.8,-49.6,9875.0,14953.5
0.17120,-128.8,-49.6,9908.3,14945.5
0.17125,-128.8,-49.6,9908.3,14937.5
0.17130,-128.8,-49.6,9908.3,14929.4
0.17135,-128.8,-49.6,9908.3,14921.4
0.17140,-128.8,-49.6,9920.4,14913.4
0.17145,-128.8,-49.6,9908.3,14905.3
0.17150,-128.8,-48.7,9894.7,14897.3
0.17155,-128.8,-47.4,9852.5,14889.3
0.17160,-128.8,-46.0,9894.7,14881.2
0.17165,-128.8,-45.6,9894.7,14873.2
0.17170,-128.8,-45.6,9889.0,14865.2
0.17175,-128.8,-45.6,9889.0,14857.1
0.17180,-123.2,-45.6,9889.0,14849.1
0.17185,-123.2,-45.6,9860.2,14841.1
0.17190,-123.2,-45.6,9860.2,14833.0
0.17195,-123.2,-45.6,9860.2,14825.0
0.17200,-123.2,-45.6,9874.7,14825.0
0.17205,-127.3,-45.5,9874.7,14825.0
0.17210,-127.3,-44.2,9874.7,14825.0
0.17215,-127.3,-43.7,9874.4,14822.2
0.17220,-127.3,-43.7,9874.7,14822.2
0.17225,-127.3,-43.7,9874.7,14839.0
0.17230,-125.9,-43.7,9874.7,14839.0
0.17235,-124.5,-43.7,9874.7,14839.0
0.17240,-123.2,-46.0,9890.4,14879.7
0.17245,-121.8,-46.0,9890.4,14839.0
0.17250,-120.9,-46.0,9874.4,14836.5
0.17255,-120.9,-46.0,9874.4,14836.5
0.17260,-120.9,-46.0,9845.2,14836.5
0.17265,-120.9,-41.6,9831.5,14836.5
0.17270,-120.9,-41.6,9801.6,14788.7
0.17275,-120.9,-41.6,9831.5,14836.5
0.17280,-120.9,-41.6,9831.5,14809.3
0.17285,-120.9,-41.6,9831.5,14804.4
0.17290,-120.9,-41.6,9831.5,14809.3
0.17295,-120.9,-41.6,9858.6,14809.3
0.17300,-120.9,-41.6,9832.6,14809.3
0.17305,-120.9,-41.6,9832.6,14864.9
0.17310,-120.9,-41.6,9851.2,14864.9
0.17315,-120.9,-41.6,9851.2,14864.9
0.17320,-120.9,-41.6,9832.6,14857.9
0.17325,-120.9,-41.6,9802.5,14857.9
0.17330,-120.9,-41.6,9802.5,14857.9
0.17335,-120.9,-41.6,9821.7,14850.9
0.17340,-120.9,-41.6,9821.7,14844.0
0.17345,-120.9,-41.6,9802.5,14837.0
0.17350,-120.9,-41.6,9802.5,14830.1
0.17355,-120.9,-41.6,9802.5,14823.1
0.17360,-120.9,-41.6,9782.0,14816.1
0.17365,-120.9,-41.6,9782.0,14809.2
0.17370,-120.9,-41.6,9821.7,14802.2
0.17375,-120.9,-41.6,9782.0,14795.2
0.17380,-120.9,-41.6,9771.2,14788.3
0.17385,-120.9,-41.6,9768.4,14781.3
0.17390,-120.9,-41.6,9768.4,14774.4
0.17395,-120.9,-41.6,9768.4,14767.4
0.17400,-120.9,-41.6,9768.4,14760.4
0.17405,-120.9,-41.6,9768.4,14753.5
0.17410,-120.9,-41.6,9801.7,14746.5
0.17415,-120.9,-41.6,9801.7,14739.6
0.17420,-120.9,-41.6,9801.7,14732.6
0.17425,-120.0,-41.6,9801.7,14732.6
0.17430,-118.6,-41.6,9801.7,14732.6
0.17435,-117.3,-41.6,9788.1,14725.6
0.17440,-115.9,-41.6,9788.1,14720.0
0.17445,-114.5,-41.6,9772.1,14720.0
0.17450,-113.1,-41.6,9772.1,14720.0
0.17455,-113.0,-41.6,9772.1,14732.9
0.17460,-113.0,-41.6,9756.4,14732.9
0.17465,-113.0,-41.6,9756.4,14732.9
0.17470,-113.0,-41.6,9756.4,14745.7
0.17475,-113.0,-41.6,9726.4,14731.4
0.17480,-113.0,-41.6,9726.4,14731.4
0.17485,-113.0,-41.6,9726.4,14757.9
0.17490,-113.0,-41.6,9708.5,14731.4
0.17495,-113.0,-41.6,9716.3,14721.3
0.17500,-113.0,-41.6,9716.3,14721.3
0.17505,-113.0,-41.6,9708.5,14710.2
0.17510,-113.0,-41.6,9716.3,14710.2
0.17515,-113.0,-41.6,9716.3,14705.3
0.17520,-113.0,-41.6,9716.3,14710.2
0.17525,-113.0,-41.6,9716.3,14721.3
0.17530,-113.0,-41.6,9716.3,14721.3
0.17535,-113.0,-41.6,9716.3,14754.9
0.17540,-113.0,-41.6,9713.8,14754.9
0.17545,-113.0,-41.6,9669.0,14747.4
0.17550,-113.0,-41.6,9713.8,14747.4
0.17555,-113.0,-41.6,9713.8,14747.4
0.17560,-113.0,-41.6,9713.8,14747.4
0.17565,-113.0,-41.6,9713.8,14739.9
0.17570,-113.0,-41.6,9726.0,14732.4
0.17575,-113.0,-41.6,9698.7,14724.9
0.17580,-113.0,-41.6,9698.7,14717.4
0.17585,-113.0,-41.6,9726.0,14709.9
0.17590,-113.0,-41.6,9726.0,14702.4
0.17595,-113.0,-41.6,9698.7,14694.9
0.17600,-113.0,-41.6,9669.9,14687.4
0.17605,-113.0,-41.6,9669.9,14679.9
0.17610,-113.0,-41.6,9698.7,14672.4
0.17615,-113.0,-41.6,9698.7,14664.9
0.17620,-113.0,-41.6,9669.9,14657.4
0.17625,-113.0,-41.6,9669.9,14649.9
0.17630,-113.0,-41.6,9669.9,14642.4
0.17635,-113.0,-41.6,9664.3,14634.9
0.17640,-113.0,-41.6,9664.3,14627.4
0.17645,-113.0,-41.6,9706.5,14619.9
0.17650,-113.0,-41.6,9664.3,14612.4
0.17655,-112.4,-41.6,9650.7,14612.0
0.17660,-111.1,-41.6,9638.6,14612.0
0.17665,-109.7,-41.6,9650.7,14612.0
0.17670,-108.3,-41.6,9650.7,14604.9
0.17675,-107.0,-41.6,9650.7,14602.4
0.17680,-105.6,-41.6,9650.7,14602.4
0.17685,-105.1,-40.8,9684.0,14612.0
0.17690,-105.1,-39.4,9671.1,14612.5
0.17695,-105.1,-38.0,9671.1,14612.5
0.17700,-105.1,-37.7,9671.1,14629.2
0.17705,-105.1,-37.7,9671.1,14644.5
0.17710,-105.1,-37.7,9670.4,14644.5
0.17715,-105.1,-37.7,9670.4,14660.2
0.17720,-105.1,-37.7,9639.5,14660.2
0.17725,-105.1,-37.7,9639.5,14644.5
0.17730,-105.1,-37.7,9639.5,14644.5
0.17735,-105.1,-37.7,9623.9,14615.4
0.17740,-105.1,-37.7,9623.9,14615.4
0.17745,-105.1,-37.7,9623.9,14597.5
0.17750,-105.1,-37.7,9592.6,14597.5
0.17755,-105.1,-37.7,9592.6,14615.4
0.17760,-105.1,-37.7,9590.1,14615.4
0.17765,-105.1,-37.7,9590.1,14649.3
0.17770,-105.1,-37.3,9592.6,14654.6
0.17775,-105.1,-35.9,9592.6,14654.6
0.17780,-105.1,-34.6,9576.4,14661.7
0.17785,-105.1,-33.7,9609.8,14671.7
0.17790,-105.1,-33.7,9609.8,14671.9
0.17795,-105.1,-33.7,9609.8,14671.9
0.17800,-105.1,-33.7,9609.8,14671.7
0.17805,-105.1,-33.7,9624.8,14671.7
0.17810,-105.1,-33.7,9609.8,14671.7
0.17815,-105.1,-33.7,9596.1,14661.5
0.17820,-105.1,-33.7,9553.4,14651.1
0.17825,-105.1,-33.7,9596.1,14640.7
0.17830,-105.1,-33.7,9596.1,14630.3
0.17835,-105.1,-33.7,9593.5,14619.9
0.17840,-105.1,-33.7,9593.5,14609.5
0.17845,-105.1,-33.7,9593.5,14599.1
0.17850,-105.1,-33.7,9564.9,14588.7
0.17855,-105.1,-33.7,9564.9,14578.3
0.17860,-105.1,-33.7,9593.5,14567.8
0.17865,-105.1,-33.7,9593.5,14557.4
0.17870,-105.1,-33.7,9564.9,14547.0
0.17875,-105.1,-33.7,9537.3,14536.6
0.17880,-105.1,-33.7,9537.3,14526.2
0.17885,-104.9,-33.7,9564.9,14515.8
0.17890,-103.5,-33.7,9564.9,14506.3
0.17895,-102.1,-33.7,9537.3,14505.4
0.17900,-101.1,-33.7,9546.6,14502.4
0.17905,-101.1,-33.7,9546.6,14497.7
0.17910,-101.1,-33.7,9546.6,14497.7
0.17915,-101.1,-33.7,9546.6,14497.7
0.17920,-101.1,-33.7,9591.3,14502.4
0.17925,-101.1,-33.7,9546.6,14502.4
0.17930,-101.1,-33.7,9544.1,14506.3
0.17935,-101.1,-33.7,9544.1,14549.0
0.17940,-101.1,-33.7,9544.1,14549.0
0.17945,-101.1,-33.7,9544.1,14551.1
0.17950,-101.1,-33.7,9544.1,14560.1
0.17955,-101.1,-33.7,9544.1,14551.1
0.17960,-101.1,-33.7,9544.1,14549.0
0.17965,-101.1,-33.7,9541.5,14546.5
0.17970,-101.1,-33.7,9541.5,14546.5
0.17975,-101.1,-33.7,9522.6,14527.6
0.17980,-101.1,-33.7,9506.9,14511.9
0.17985,-101.1,-33.7,9522.6,14527.6
0.17990,-101.1,-33.7,9522.6,14527.6
0.17995,-101.1,-33.7,9506.9,14527.6
0.18000,-101.1,-33.7,9506.9,14538.5
0.18005,-99.7,-33.7,9506.9,14538.5
0.18010,-98.3,-33.7,9491.3,14555.7
0.18015,-97.1,-33.7,9491.3,14560.8
0.18020,-97.1,-33.7,9506.9,14561.8
0.18025,-97.1,-33.7,9491.3,14561.8
0.18030,-97.1,-33.7,9472.3,14560.8
0.18035,-97.1,-33.7,9458.7,14555.7
0.18040,-97.1,-33.7,9458.7,14555.7
0.18045,-97.1,-33.7,9458.7,14550.8
0.18050,-97.1,-33.7,9458.7,14539.8
0.18055,-97.1,-33.7,9458.7,14528.8
0.18060,-97.1,-33.7,9492.0,14517.7
0.18065,-97.1,-33.7,9492.0,14506.7
0.18070,-97.1,-33.7,9492.0,14495.7
0.18075,-97.1,-33.7,9492.0,14484.7
0.18080,-97.1,-33.7,9492.2,14473.7
0.18085,-97.1,-33.7,9492.0,14462.6
0.18090,-97.1,-33.7,9489.5,14451.6
0.18095,-97.1,-33.7,9478.4,14440.6
0.18100,-97.1,-33.7,9478.4,14429.6
0.18105,-97.1,-33.7,9478.4,14418.6
0.18110,-97.1,-33.7,9476.5,14407.6
0.18115,-97.1,-33.7,9476.5,14396.5
0.18120,-97.1,-33.7,9476.5,14388.6
0.18125,-97.1,-33.7,9449.0,14388.6
0.18130,-97.1,-33.7,9449.0,14385.5
0.18135,-97.1,-33.7,9449.0,14376.9
0.18140,-97.1,-33.7,9431.1,14376.9
0.18145,-97.0,-33.7,9431.1,14376.9
0.18150,-95.6,-33.7,9431.1,14388.6
0.18155,-94.3,-33.7,9406.7,14388.6
0.18160,-93.2,-33.7,9417.8,14398.6
0.18165,-93.2,-33.7,9417.8,14408.2
0.18170,-93.2,-33.7,9406.7,14408.2
0.18175,-93.2,-33.7,9406.7,14409.1
0.18180,-93.2,-33.7,9406.7,14465.4
0.18185,-93.2,-33.7,9406.7,14409.1
0.18190,-93.2,-33.7,9404.1,14409.1
0.18195,-93.2,-33.7,9389.1,14409.1
0.18200,-93.2,-33.7,9404.1,14409.1
0.18205,-93.2,-33.7,9404.1,14409.1
0.18210,-93.2,-33.7,9404.1,14357.5
0.18215,-93.2,-33.7,9404.1,14409.1
0.18220,-93.2,-33.7,9437.5,14420.2
0.18225,-93.2,-33.7,9421.3,14418.7
0.18230,-93.2,-33.7,9421.3,14420.2
0.18235,-93.2,-33.7,9423.8,14427.2
0.18240,-93.2,-33.7,9423.8,14427.2
0.18245,-93.2,-33.7,9421.3,14444.4
0.18250,-93.2,-33.7,9421.3,14444.4
0.18255,-93.2,-33.7,9390.0,14444.4
0.18260,-93.2,-33.7,9390.0,14442.0
0.18265,-93.2,-33.7,9390.0,14431.6
0.18270,-93.2,-33.7,9374.3,14431.6
0.18275,-93.2,-33.7,9374.3,14431.6
0.18280,-93.2,-33.7,9374.3,14421.2
0.18285,-93.2,-33.7,9343.5,14410.8
0.18290,-93.2,-33.7,9343.5,14400.4
0.18295,-93.2,-33.7,9343.5,14390.0
0.18300,-93.2,-33.7,9342.8,14379.6
0.18305,-93.2,-33.7,9342.8,14369.2
0.18310,-93.2,-33.7,9342.8,14358.8
0.18315,-93.2,-33.7,9341.0,14348.4
0.18320,-93.2,-33.7,9352.1,14338.0
0.18325,-93.2,-33.7,9352.1,14327.6
0.18330,-93.2,-33.7,9352.1,14317.2
0.18335,-93.2,-33.7,9352.1,14306.8
0.18340,-93.2,-33.7,9352.1,14296.4
0.18345,-93.2,-33.7,9352.1,14286.0
0.18350,-93.2,-33.7,9349.6,14281.1
0.18355,-93.2,-33.7,9307.4,14281.1
0.18360,-93.2,-33.7,9349.6,14275.6
0.18365,-93.2,-32.7,9349.6,14274.7
0.18370,-93.2,-31.4,9343.9,14274.7
0.18375,-93.2,-30.0,9343.9,14274.7
0.18380,-93.2,-29.7,9343.9,14281.1
0.18385,-93.2,-29.7,9315.1,14298.2
0.18390,-93.2,-29.7,9315.1,14298.2
0.18395,-93.2,-29.7,9343.9,14298.2
0.18400,-93.2,-29.7,9343.9,14308.5
0.18405,-93.2,-29.7,9315.1,14314.1
0.18410,-93.2,-29.7,9315.1,14334.6
0.18415,-93.2,-29.7,9287.8,14334.6
0.18420,-93.0,-29.7,9289.0,14308.5
0.18425,-91.6,-29.7,9289.0,14308.5
0.18430,-90.2,-29.7,9287.8,14293.9
0.18435,-89.2,-29.7,9287.8,14293.9
0.18440,-89.2,-29.7,9287.8,14293.9
0.18445,-89.2,-29.7,9286.5,14293.9
0.18450,-89.2,-29.7,9286.5,14293.9
0.18455,-89.2,-29.7,9286.5,14293.9
0.18460,-89.2,-29.7,9286.5,14311.2
0.18465,-89.2,-29.1,9286.5,14315.0
0.18470,-89.2,-27.7,9286.5,14315.0
0.18475,-89.2,-26.3,9286.5,14328.3
0.18480,-89.2,-25.8,9297.5,14338.2
0.18485,-89.2,-25.8,9297.5,14338.2
0.18490,-89.2,-25.8,9297.5,14330.7
0.18495,-89.2,-25.8,9297.5,14328.3
0.18500,-89.2,-25.8,9295.0,14328.3
0.18505,-89.2,-25.8,9295.0,14328.3
0.18510,-89.2,-25.8,9273.1,14323.2
0.18515,-89.2,-25.8,9260.9,14315.7
0.18520,-89.2,-25.8,9273.1,14308.2
0.18525,-89.2,-25.8,9273.1,14300.7
0.18530,-89.2,-25.8,9260.9,14293.2
0.18535,-89.2,-25.8,9260.9,14285.7
0.18540,-89.2,-25.8,9260.9,14278.2
0.18545,-89.2,-25.8,9241.8,14270.7
0.18550,-89.2,-25.8,9241.8,14263.2
0.18555,-89.2,-25.8,9260.9,14255.7
0.18560,-89.2,-25.8,9241.8,14248.2
0.18565,-89.2,-25.8,9225.8,14240.7
0.18570,-89.2,-25.8,9225.8,14233.2
0.18575,-89.2,-25.8,9223.3,14225.7
0.18580,-89.2,-25.8,9223.3,14218.2
0.18585,-89.2,-25.8,9223.3,14210.7
0.18590,-89.2,-25.8,9223.3,14203.2
0.18595,-89.2,-25.8,9234.4,14195.7
0.18600,-89.2,-25.8,9234.4,14188.2
0.18605,-89.2,-25.8,9234.4,14188.2
0.18610,-89.2,-25.8,9234.4,14188.2
0.18615,-89.2,-25.8,9234.4,14188.2
0.18620,-89.2,-25.8,9234.4,14180.7
0.18625,-89.2,-25.8,9234.7,14180.7
0.18630,-89.2,-25.8,9231.8,14222.1
0.18635,-89.2,-25.8,9231.8,14222.1
0.18640,-89.2,-25.8,9231.8,14247.7
0.18645,-89.2,-25.8,9227.0,14247.7
0.18650,-89.2,-25.8,9227.0,14222.1
0.18655,-89.2,-25.8,9227.0,14222.1
0.18660,-89.2,-25.8,9199.2,14204.2
0.18665,-89.2,-25.8,9199.2,14204.2
0.18670,-89.2,-25.8,9170.9,14175.9
0.18675,-89.2,-25.8,9170.9,14175.9
0.18680,-89.2,-25.8,9199.2,14204.2
0.18685,-89.2,-25.8,9199.2,14175.9
0.18690,-89.2,-25.8,9170.9,14175.9
0.18695,-89.2,-25.8,9171.2,14214.5
0.18700,-89.2,-25.8,9171.2,14214.5
0.18705,-89.2,-25.8,9171.2,14219.4
0.18710,-89.2,-25.8,9171.2,14219.4
0.18715,-89.2,-25.8,9214.4,14219.4
0.18720,-89.2,-25.8,9171.2,14217.1
0.18725,-89.2,-25.8,9168.7,14217.1
0.18730,-89.2,-25.8,9168.7,14217.1
0.18735,-89.2,-25.8,9168.7,14210.1
0.18740,-88.5,-25.8,9168.7,14203.1
0.18745,-87.1,-25.8,9168.7,14196.2
0.18750,-85.7,-25.8,9168.7,14189.2
0.18755,-84.4,-25.8,9168.7,14182.2
0.18760,-83.0,-25.8,9166.2,14175.3
0.18765,-81.6,-25.8,9166.2,14168.3
0.18770,-81.3,-25.8,9156.2,14161.4
0.18775,-81.3,-25.8,9130.1,14154.4
0.18780,-81.3,-25.8,9156.2,14147.4
0.18785,-81.3,-25.8,9156.2,14140.5
0.18790,-81.3,-25.8,9130.1,14133.5
0.18795,-81.3,-25.8,9130.1,14126.6
0.18800,-81.3,-25.8,9130.1,14119.6
0.18805,-81.3,-25.8,9124.8,14112.6
0.18810,-81.3,-25.8,9124.8,14105.7
0.18815,-81.3,-25.8,9130.1,14098.7
0.18820,-81.3,-25.8,9124.8,14091.7
0.18825,-81.3,-25.8,9097.0,14084.8
0.18830,-81.3,-25.8,9093.0,14084.8
0.18835,-81.3,-25.8,9093.0,14084.8
0.18840,-81.3,-25.8,9093.0,14084.8
0.18845,-81.3,-25.8,9093.0,14084.8
0.18850,-81.3,-25.8,9083.3,14082.5
0.18855,-81.3,-25.8,9116.7,14095.3
0.18860,-81.3,-25.8,9116.7,14096.9
0.18865,-81.3,-25.8,9116.7,14096.9
0.18870,-81.3,-25.8,9116.7,14108.0
0.18875,-81.3,-25.8,9125.8,14120.3
0.18880,-81.3,-25.8,9116.7,14108.0
0.18885,-81.3,-25.8,9114.1,14108.0
0.18890,-81.3,-25.8,9110.1,14106.2
0.18895,-81.3,-25.8,9110.1,14106.2
0.18900,-81.3,-25.8,9110.1,14108.0
0.18905,-81.3,-25.8,9103.0,14106.2
0.18910,-81.3,-25.8,9103.0,14106.2
0.18915,-81.3,-25.8,9110.1,14088.2
0.18920,-81.3,-25.8,9083.3,14072.9
0.18925,-81.3,-25.8,9083.3,14088.2
0.18930,-81.3,-25.8,9054.0,14088.2
0.18935,-81.3,-25.8,9054.0,14088.2
0.18940,-81.3,-25.8,9083.3,14106.8
0.18945,-81.3,-25.8,9083.3,14099.3
0.18950,-81.3,-25.8,9054.0,14099.3
0.18955,-81.3,-25.8,9054.0,14099.3
0.18960,-81.3,-25.8,9054.0,14099.3
0.18965,-81.3,-25.8,9042.4,14099.3
0.18970,-81.3,-25.8,9042.4,14091.8
0.18975,-81.3,-25.8,9083.6,14084.3
0.18980,-81.3,-25.8,9042.4,14076.8
0.18985,-81.3,-25.8,9039.9,14069.3
0.18990,-81.3,-25.8,9039.9,14061.8
0.18995,-81.3,-25.8,9039.9,14054.3
0.19000,-81.3,-25.8,9039.9,14046.8
0.19005,-81.3,-25.8,9039.9,14039.3
0.19010,-81.3,-25.8,9039.9,14031.8
0.19015,-81.3,-25.8,9051.0,14024.3
0.19020,-81.3,-25.8,9051.0,14016.8
0.19025,-81.3,-25.8,9051.0,14009.3
0.19030,-81.3,-25.8,9051.0,14001.8
0.19035,-81.3,-25.8,9048.5,13994.3
0.19040,-81.3,-25.8,9048.5,13986.8
0.19045,-81.3,-25.8,9048.5,13979.3
0.19050,-81.3,-25.8,9023.6,13971.8
0.19055,-81.3,-25.8,9023.6,13964.3
0.19060,-81.3,-25.8,9023.6,13964.3
0.19065,-81.3,-25.8,9007.9,13964.3
0.19070,-81.3,-25.8,9007.9,13956.8
0.19075,-81.3,-25.8,9007.9,13955.2
0.19080,-81.3,-25.8,8977.1,13955.2
0.19085,-81.1,-25.8,8977.1,13955.2
0.19090,-79.7,-25.8,8968.2,13968.0
0.19095,-78.3,-25.8,8968.2,13968.0
0.19100,-77.3,-25.8,8977.1,13974.9
0.19105,-77.3,-25.8,8977.1,13981.7
0.19110,-77.3,-25.8,8954.5,13981.7
0.19115,-77.3,-25.8,8987.9,13981.7
0.19120,-77.3,-25.8,8987.9,14026.4
0.19125,-77.3,-25.8,8987.9,13981.7
0.19130,-77.3,-25.8,8987.9,13968.0
0.19135,-77.3,-25.8,9008.9,13941.1
0.19140,-77.3,-25.8,8987.9,13968.0
0.19145,-77.3,-20.3,8985.3,13943.3
0.19150,-77.3,-20.3,8985.3,13935.5
0.19155,-77.3,-20.3,8985.3,13943.3
0.19160,-77.3,-20.3,8985.3,13943.3
0.19165,-77.3,-20.3,8974.2,13943.3
0.19170,-77.3,-23.7,8974.2,13997.3
0.19175,-77.3,-25.8,8967.4,13997.3
0.19180,-77.3,-25.8,8937.1,13997.3
0.19185,-77.3,-25.8,8967.4,13989.8
0.19190,-77.3,-25.8,8937.1,13989.8
0.19195,-77.3,-25.8,8937.1,13989.8
0.19200,-77.3,-25.8,8952.7,13982.3
0.19205,-77.3,-25.8,8952.7,13974.8
0.19210,-77.3,-25.8,8937.1,13967.3
0.19215,-77.3,-25.8,8937.1,13959.8
0.19220,-77.3,-25.8,8952.7,13952.3
0.19225,-77.3,-25.8,8952.7,13944.8
0.19230,-77.3,-25.5,8913.6,13937.3
0.19235,-77.3,-24.1,8952.7,13929.8
0.19240,-77.3,-22.7,8913.6,13922.3
0.19245,-77.3,-21.8,8911.1,13914.8
0.19250,-77.3,-21.8,8911.1,13907.3
0.19255,-77.3,-21.8,8911.1,13899.8
0.19260,-77.3,-21.8,8911.1,13892.3
0.19265,-77.3,-21.8,8911.1,13884.8
0.19270,-77.3,-21.8,8911.1,13877.3
0.19275,-77.3,-21.8,8922.2,13869.8
0.19280,-77.3,-21.8,8922.2,13862.3
0.19285,-77.3,-21.8,8922.2,13854.8
0.19290,-77.3,-21.8,8922.2,13853.1
0.19295,-77.3,-21.8,8919.6,13853.1
0.19300,-77.3,-21.8,8919.6,13847.3
0.19305,-77.3,-21.8,8919.6,13840.3
0.19310,-77.3,-21.8,8906.7,13840.3
0.19315,-77.3,-21.8,8906.7,13840.3
0.19320,-77.3,-21.8,8906.7,13853.1
0.19325,-77.3,-21.8,8891.0,13866.0
0.19330,-77.3,-21.8,8891.0,13866.0
0.19335,-77.3,-21.8,8891.0,13866.1
0.19340,-77.3,-21.8,8861.2,13866.1
0.19345,-77.3,-21.8,8861.2,13866.1
0.19350,-77.3,-21.8,8839.3,13876.1
0.19355,-77.3,-21.8,8839.3,13866.1
0.19360,-77.3,-21.8,8861.2,13852.9
0.19365,-77.3,-21.8,8861.2,13852.9
0.19370,-77.3,-21.8,8834.9,13841.7
0.19375,-77.3,-21.4,8859.0,13841.7
0.19380,-77.3,-20.0,8859.0,13839.8
0.19385,-77.3,-18.6,8859.0,13841.7
0.19390,-77.3,-17.8,8859.0,13852.9
0.19395,-77.3,-17.8,8891.9,13852.9
0.19400,-77.3,-17.8,8859.0,13888.2
0.19405,-77.3,-17.8,8856.5,13890.8
0.19410,-77.3,-17.8,8856.5,13890.8
0.19415,-77.3,-17.8,8856.5,13908.0
0.19420,-77.3,-17.8,8856.5,13909.8
0.19425,-77.3,-17.8,8851.4,13909.8
0.19430,-77.3,-17.8,8851.4,13908.0
0.19435,-77.3,-17.8,8853.9,13901.2
0.19440,-77.3,-17.8,8851.4,13901.2
0.19445,-77.3,-17.8,8851.4,13901.2
0.19450,-77.3,-17.8,8820.1,13890.8
0.19455,-77.3,-17.8,8820.1,13880.4
0.19460,-77.3,-17.8,8821.9,13870.0
0.19465,-77.3,-17.8,8821.9,13859.6
0.19470,-77.3,-17.8,8820.1,13849.2
0.19475,-77.3,-17.8,8820.1,13838.7
0.19480,-77.3,-17.8,8820.1,13828.3
0.19485,-77.3,-17.8,8788.8,13817.9
0.19490,-77.1,-17.8,8788.8,13807.5
0.19495,-75.7,-17.8,8821.9,13797.1
0.19500,-74.3,-17.8,8788.8,13786.7
0.19505,-73.3,-17.8,8784.8,13776.3
0.19510,-73.3,-17.8,8784.8,13765.9
0.19515,-73.3,-17.8,8782.2,13755.5
0.19520,-73.3,-17.8,8782.2,13745.1
0.19525,-73.3,-17.8,8782.2,13745.1
0.19530,-73.3,-17.8,8782.2,13738.2
0.19535,-73.3,-17.8,8793.3,13736.7
0.19540,-73.3,-17.8,8793.3,13734.7
0.19545,-73.3,-17.8,8793.3,13734.7
0.19550,-73.3,-17.8,8793.3,13736.7
0.19555,-73.3,-17.8,8790.8,13738.2
0.19560,-73.3,-17.8,8790.8,13738.2
0.19565,-73.3,-17.8,8790.8,13751.1
0.19570,-73.3,-17.8,8789.7,13768.1
0.19575,-73.3,-17.8,8789.7,13768.1
0.19580,-73.3,-17.8,8789.7,13794.7
0.19585,-73.3,-17.8,8774.1,13794.7
0.19590,-73.3,-17.8,8774.1,13768.1
0.19595,-73.3,-17.8,8774.1,13768.1
0.19600,-73.3,-17.8,8745.3,13750.2
0.19605,-73.3,-17.8,8745.3,13750.2
0.19610,-73.3,-17.8,8718.0,13722.9
0.19615,-73.3,-17.8,8718.0,13722.9
0.19620,-73.3,-17.8,8745.3,13750.2
0.19625,-73.3,-17.8,8745.3,13750.2
0.19630,-73.3,-17.8,8718.0,13773.2
0.19635,-73.3,-17.8,8730.2,13780.4
0.19640,-73.3,-17.8,8730.2,13780.4
0.19645,-73.3,-17.8,8730.2,13785.8
0.19650,-73.3,-17.8,8730.2,13786.1
0.19655,-73.3,-17.8,8775.0,13786.1
0.19660,-73.3,-17.8,8730.2,13786.1
0.19665,-73.3,-17.8,8727.7,13785.8
0.19670,-73.3,-17.8,8727.7,13780.0
0.19675,-73.3,-17.8,8727.7,13780.0
0.19680,-73.3,-17.8,8727.7,13769.6
0.19685,-73.3,-17.8,8727.7,13759.2
0.19690,-73.3,-17.8,8727.7,13748.8
0.19695,-73.3,-17.8,8727.7,13738.4
0.19700,-73.3,-17.8,8725.1,13728.0
0.19705,-73.3,-17.8,8725.1,13717.6
0.19710,-73.3,-17.8,8703.2,13707.2
0.19715,-73.3,-17.8,8691.0,13696.8
0.19720,-73.3,-17.8,8703.2,13686.4
0.19725,-73.3,-17.8,8703.2,13676.0
0.19730,-73.3,-17.8,8691.0,13665.6
0.19735,-73.3,-17.8,8691.0,13655.2
0.19740,-73.3,-17.8,8691.0,13644.8
0.19745,-73.3,-17.8,8671.9,13634.4
0.19750,-73.3,-17.8,8671.9,13624.0
0.19755,-73.3,-17.8,8691.0,13624.0
0.19760,-73.3,-17.8,8671.9,13624.0
0.19765,-73.3,-17.8,8655.9,13616.2
0.19770,-73.3,-17.8,8642.3,13613.6
0.19775,-73.3,-17.8,8642.3,13613.6
0.19780,-73.3,-17.8,8642.3,13616.2
0.19785,-73.3,-17.8,8642.3,13633.3
0.19790,-73.3,-17.8,8642.3,13633.3
0.19795,-73.3,-17.8,8675.6,13635.6
0.19800,-73.3,-17.8,8675.6,13655.8
0.19805,-73.3,-17.8,8675.6,13655.8
0.19810,-72.6,-17.8,8675.6,13666.9
0.19815,-71.2,-17.8,8675.6,13677.8
0.19820,-69.8,-17.8,8672.8,13666.9
0.19825,-69.4,-17.8,8672.8,13666.9
0.19830,-69.4,-17.8,8662.0,13655.8
0.19835,-69.4,-17.8,8662.0,13655.8
0.19840,-69.4,-17.8,8662.0,13652.2
0.19845,-69.4,-17.8,8657.2,13630.3
0.19850,-69.4,-17.8,8657.2,13652.2
0.19855,-69.4,-17.8,8657.2,13652.2
0.19860,-69.4,-17.8,8629.3,13646.3
0.19865,-69.4,-17.8,8629.3,13652.2
0.19870,-69.4,-17.8,8601.0,13652.2
0.19875,-69.4,-17.8,8601.0,13663.5
0.19880,-69.4,-17.8,8629.3,13678.9
0.19885,-69.4,-17.8,8629.3,13678.9
0.19890,-69.4,-17.8,8601.0,13678.9
0.19895,-69.4,-17.8,8601.4,13671.3
0.19900,-69.4,-17.8,8601.4,13663.5
0.19905,-69.4,-17.8,8601.4,13663.5
0.19910,-69.4,-17.8,8601.4,13660.9
0.19915,-69.4,-17.8,8644.6,13650.5
0.19920,-69.4,-17.8,8601.4,13640.1
0.19925,-69.4,-17.8,8598.8,13629.7
0.19930,-69.4,-17.8,8598.8,13619.3
0.19935,-69.4,-17.8,8598.8,13608.9
0.19940,-68.6,-17.8,8598.8,13598.5
0.19945,-67.3,-17.8,8598.8,13588.1
0.19950,-65.9,-17.8,8598.8,13577.7
0.19955,-65.4,-17.8,8598.8,13567.3
0.19960,-65.4,-17.8,8596.3,13556.9
0.19965,-65.4,-17.8,8596.3,13546.5
0.19970,-65.4,-17.8,8586.3,13536.0
0.19975,-65.4,-17.8,8560.2,13525.6
0.19980,-65.4,-17.8,8586.3,13515.2
0.19985,-65.4,-17.8,8586.3,13508.9
0.19990,-65.4,-17.8,8560.2,13508.9
0.19995,-65.4,-17.8,8560.2,13504.8
0.20000,-65.4,-17.8,8560.2,13496.0
0.20005,-65.4,-17.8,8555.0,13496.0
0.20010,-65.4,-17.8,8555.0,13496.0
0.20015,-65.4,-17.8,8560.2,13508.9
0.20020,-65.4,-17.8,8555.0,13508.9
0.20025,-65.4,-17.8,8527.1,13518.9
0.20030,-65.4,-17.8,8523.2,13529.5
0.20035,-65.4,-17.8,8523.2,13529.5
0.20040,-65.4,-17.8,8523.2,13540.6
0.20045,-65.4,-17.8,8523.2,13587.8
0.20050,-65.4,-17.8,8513.5,13540.6
0.20055,-65.4,-17.8,8546.8,13529.5
0.20060,-65.4,-17.8,8546.8,13529.5
0.20065,-65.4,-17.8,8546.8,13529.5
0.20070,-65.4,-17.8,8546.8,13527.0
0.20075,-65.4,-17.8,8555.9,13488.1
0.20080,-65.4,-17.8,8546.8,13527.0
0.20085,-65.4,-17.8,8544.3,13527.0
0.20090,-65.4,-17.8,8540.2,13527.0
0.20095,-65.4,-17.8,8540.2,13550.1
0.20100,-65.4,-17.8,8540.2,13556.3
0.20105,-65.4,-17.8,8533.2,13556.3
0.20110,-65.4,-17.8,8533.2,13569.1
0.20115,-65.4,-17.8,8540.2,13569.1
0.20120,-65.4,-17.8,8513.4,13569.1
0.20125,-65.4,-17.8,8513.4,13561.4
0.20130,-65.4,-17.8,8484.1,13556.3
0.20135,-65.4,-17.8,8484.1,13556.3
0.20140,-65.4,-17.8,8513.4,13550.4
0.20145,-65.4,-17.8,8513.4,13539.4
0.20150,-65.4,-17.8,8484.1,13528.3
0.20155,-65.4,-17.8,8484.1,13517.3
0.20160,-65.4,-17.8,8484.1,13506.3
0.20165,-65.4,-17.8,8472.6,13495.3
0.20170,-65.4,-17.8,8472.6,13484.3
0.20175,-65.4,-17.8,8513.7,13473.2
0.20180,-65.4,-17.8,8472.6,13462.2
0.20185,-65.4,-17.8,8470.0,13451.2
0.20190,-65.4,-17.8,8470.0,13440.2
0.20195,-65.4,-17.8,8470.0,13429.2
0.20200,-65.4,-17.8,8470.0,13418.2
0.20205,-65.4,-17.8,8470.0,13407.1
0.20210,-65.4,-17.8,8470.0,13396.1
0.20215,-65.4,-17.8,8481.1,13388.9
0.20220,-65.4,-17.8,8481.1,13388.9
0.20225,-65.4,-17.8,8481.1,13388.9
0.20230,-65.4,-17.8,8481.1,13385.1
0.20235,-65.4,-17.8,8478.6,13385.1
0.20240,-65.4,-17.8,8478.6,13388.9
0.20245,-65.4,-17.8,8478.6,13391.9
0.20250,-65.4,-17.8,8453.7,13406.0
0.20255,-65.4,-17.8,8453.7,13406.0
0.20260,-65.4,-17.8,8453.7,13430.1
0.20265,-65.4,-17.8,8438.0,13430.1
0.20270,-65.4,-17.8,8438.0,13430.1
0.20275,-65.4,-17.8,8438.0,13434.3
0.20280,-65.4,-17.8,8407.2,13430.1
0.20285,-65.4,-17.8,8407.2,13412.2
0.20290,-65.4,-17.8,8398.3,13412.2
0.20295,-65.4,-17.8,8398.3,13400.7
0.20300,-65.4,-17.8,8407.2,13400.7
0.20305,-65.4,-17.8,8407.2,13389.6
0.20310,-65.4,-17.8,8384.6,13389.6
0.20315,-65.4,-17.8,8418.0,13400.7
0.20320,-65.4,-17.8,8418.0,13400.7
0.20325,-65.4,-17.8,8418.0,13438.9
0.20330,-65.4,-17.8,8418.0,13447.5
0.20335,-65.4,-17.8,8439.0,13447.5
0.20340,-65.4,-17.8,8418.0,13448.2
0.20345,-65.4,-17.8,8415.4,13448.2
0.20350,-65.4,-17.8,8415.4,13448.2
0.20355,-65.4,-17.8,8415.4,13447.5
0.20360,-65.4,-17.8,8415.4,13447.2
0.20365,-65.4,-17.8,8404.3,13440.2
0.20370,-65.4,-17.8,8404.3,13440.2
0.20375,-65.4,-17.8,8415.4,13433.3
0.20380,-65.4,-17.8,8397.5,13426.3
0.20385,-65.4,-17.8,8397.5,13419.4
0.20390,-65.4,-17.8,8397.5,13412.4
0.20395,-65.4,-17.8,8379.6,13405.4
0.20400,-65.4,-17.8,8379.6,13398.5
0.20405,-65.4,-17.8,8379.6,13391.5
0.20410,-65.4,-17.8,8351.5,13384.6
0.20415,-65.4,-17.8,8351.5,13377.6
0.20420,-65.4,-17.8,8351.5,13370.6
0.20425,-65.4,-17.8,8343.7,13363.7
0.20430,-65.4,-17.8,8343.7,13356.7
0.20435,-65.4,-17.8,8343.7,13349.7
0.20440,-65.4,-17.8,8335.9,13342.8
0.20445,-65.4,-17.8,8335.9,13335.8
0.20450,-65.4,-17.8,8330.1,13328.9
0.20455,-65.4,-17.8,8330.1,13321.9
0.20460,-65.4,-17.8,8330.1,13314.9
0.20465,-65.4,-17.8,8330.1,13308.0
0.20470,-65.4,-17.8,8330.1,13308.0
0.20475,-65.4,-17.8,8363.4,13308.0
0.20480,-65.4,-17.8,8363.4,13308.0
0.20485,-65.4,-17.8,8363.4,13301.0
0.20490,-64.5,-17.8,8363.4,13283.2
0.20495,-63.1,-17.8,8363.4,13283.2
0.20500,-61.8,-17.8,8349.8,13303.4
0.20505,-61.4,-16.8,8349.8,13357.4
0.20510,-61.4,-15.4,8336.8,13357.4
0.20515,-61.4,-14.1,8336.8,13326.1
0.20520,-61.4,-13.9,8336.8,13326.1
0.20525,-61.4,-13.9,8321.1,13303.4
0.20530,-61.4,-13.9,8321.1,13303.4
0.20535,-61.4,-13.9,8321.1,13303.4
0.20540,-61.4,-13.9,8291.3,13325.7
0.20545,-61.4,-13.9,8291.3,13325.7
0.20550,-61.4,-13.9,8291.3,13325.7
0.20555,-61.4,-13.9,8273.4,13314.1
0.20560,-61.4,-13.9,8278.0,13325.7
0.20565,-61.4,-13.9,8278.0,13325.7
0.20570,-61.4,-13.9,8273.4,13326.9
0.20575,-61.4,-13.9,8278.0,13332.9
0.20580,-61.4,-13.9,8278.0,13332.9
0.20585,-61.4,-13.9,8278.0,13332.9
0.20590,-61.4,-13.9,8278.0,13329.3
0.20595,-61.4,-13.9,8278.0,13326.9
0.20600,-61.4,-13.9,8278.0,13326.9
0.20605,-61.4,-13.9,8275.5,13321.8
0.20610,-61.4,-13.9,8233.7,13314.3
0.20615,-61.4,-13.9,8275.5,13306.8
0.20620,-61.4,-13.9,8275.5,13299.3
0.20625,-61.4,-13.9,8275.5,13291.8
0.20630,-61.4,-13.9,8275.5,13284.3
0.20635,-61.4,-13.9,8290.7,13276.8
0.20640,-61.4,-13.9,8263.7,13269.3
0.20645,-61.4,-13.9,8263.7,13261.8
0.20650,-61.4,-13.9,8290.7,13254.3
0.20655,-61.4,-13.9,8290.7,13246.8
0.20660,-61.4,-13.9,8263.7,13239.3
0.20665,-61.4,-13.9,8263.7,13231.8
0.20670,-61.4,-13.9,8234.6,13224.3
0.20675,-61.4,-13.9,8234.6,13216.8
0.20680,-61.4,-13.9,8234.6,13209.3
0.20685,-61.4,-13.9,8218.9,13201.8
0.20690,-61.4,-13.9,8218.9,13194.3
0.20695,-61.4,-13.9,8218.9,13186.9
0.20700,-61.4,-13.9,8214.9,13186.9
0.20705,-61.4,-13.9,8214.9,13186.9
0.20710,-61.4,-13.9,8214.9,13186.9
0.20715,-61.4,-13.9,8212.4,13179.4
0.20720,-61.4,-13.9,8212.4,13179.4
0.20725,-61.4,-13.9,8212.4,13228.4
0.20730,-61.4,-13.9,8212.4,13228.4
0.20735,-61.4,-13.2,8223.5,13229.5
0.20740,-61.4,-11.8,8223.5,13258.9
0.20745,-61.4,-10.5,8223.5,13229.5
0.20750,-61.4,-9.9,8223.5,13228.4
0.20755,-61.4,-9.9,8220.9,13225.9
0.20760,-61.4,-9.9,8220.9,13225.9
0.20765,-61.4,-9.9,8219.9,13224.8
0.20770,-61.4,-9.9,8183.3,13188.3
0.20775,-61.4,-9.9,8219.9,13224.8
0.20780,-61.4,-9.9,8219.9,13188.3
0.20785,-61.4,-9.9,8188.5,13188.3
0.20790,-61.4,-9.9,8188.5,13203.9
0.20795,-61.4,-9.9,8188.5,13203.9
0.20800,-61.4,-9.9,8183.3,13203.9
0.20805,-61.4,-9.9,8183.3,13215.5
0.20810,-61.4,-9.9,8188.5,13215.5
0.20815,-61.4,-9.9,8188.5,13215.5
0.20820,-61.4,-9.9,8157.5,13208.6
0.20825,-61.4,-9.9,8157.5,13208.6
0.20830,-61.4,-9.9,8151.8,13208.6
0.20835,-61.4,-9.9,8157.5,13201.6
0.20840,-61.4,-9.9,8157.5,13194.6
0.20845,-61.4,-9.9,8149.2,13187.7
0.20850,-61.4,-9.9,8159.4,13180.7
0.20855,-61.4,-9.9,8159.4,13173.7
0.20860,-61.4,-9.9,8159.4,13166.8
0.20865,-61.4,-9.9,8159.4,13159.8
0.20870,-61.4,-9.9,8159.4,13152.9
0.20875,-61.4,-9.9,8159.4,13145.9
0.20880,-61.4,-9.9,8159.4,13138.9
0.20885,-61.4,-9.9,8159.4,13132.0
0.20890,-61.4,-9.9,8159.4,13125.0
0.20895,-61.4,-9.9,8168.9,13118.1
0.20900,-61.4,-9.9,8157.8,13111.1
0.20905,-61.4,-9.9,8157.8,13104.1
0.20910,-61.4,-9.9,8166.4,13097.2
0.20915,-61.4,-9.9,8147.7,13090.2
0.20920,-61.4,-9.9,8147.7,13083.2
0.20925,-61.4,-9.9,8117.7,13083.2
0.20930,-61.4,-9.9,8117.7,13083.2
0.20935,-61.4,-9.9,8136.8,13079.8
0.20940,-61.4,-9.9,8136.8,13076.3
0.20945,-61.4,-9.9,8117.7,13076.3
0.20950,-61.4,-9.9,8117.7,13079.8
0.20955,-61.4,-9.9,8117.7,13096.9
0.20960,-61.4,-9.9,8097.2,13096.9
0.20965,-61.4,-9.9,8097.2,13096.9
0.20970,-61.4,-9.9,8136.8,13106.8
0.20975,-61.4,-9.9,8097.2,13088.5
0.20980,-61.4,-9.9,8086.3,13099.6
0.20985,-61.4,-9.9,8083.5,13149.8
0.20990,-61.4,-9.9,8083.5,13099.6
0.20995,-61.4,-9.9,8083.5,13099.6
0.21000,-61.4,-9.9,8083.5,13099.6
0.21005,-61.4,-9.9,8083.5,13099.6
0.21010,-61.4,-9.9,8116.9,13099.6
0.21015,-61.4,-9.9,8116.9,13041.7
0.21020,-61.4,-9.9,8116.9,13099.6
0.21025,-61.4,-9.9,8116.9,13110.7
0.21030,-61.4,-9.9,8116.9,13110.7
0.21035,-61.4,-9.9,8103.2,13114.6
0.21040,-61.4,-9.9,8087.3,13127.1
0.21045,-61.4,-9.9,8068.1,13127.1
0.21050,-61.4,-9.9,8087.3,13136.2
0.21055,-61.4,-9.9,8087.3,13140.9
0.21060,-61.4,-9.9,8068.1,13140.9
0.21065,-61.4,-9.9,8068.1,13136.2
0.21070,-61.4,-9.9,8068.1,13130.5
0.21075,-61.4,-9.9,8041.6,13130.5
0.21080,-61.4,-9.9,8041.6,13130.5
0.21085,-61.4,-9.9,8041.6,13120.1
0.21090,-61.4,-9.9,8041.6,13109.6
0.21095,-61.4,-9.9,8041.6,13099.2
0.21100,-61.4,-9.9,8041.6,13088.8
0.21105,-61.4,-9.9,8015.5,13078.4
0.21110,-61.4,-9.9,8042.6,13068.0
0.21115,-61.4,-9.9,8042.6,13057.6
0.21120,-61.4,-9.9,8042.6,13047.2
0.21125,-61.4,-9.9,8042.6,13036.8
0.21130,-61.4,-9.9,8072.6,13026.4
0.21135,-61.4,-9.9,8042.6,13016.0
0.21140,-60.7,-9.9,8029.0,13005.6
0.21145,-59.3,-9.9,7984.1,12995.2
0.21150,-58.0,-9.9,8029.0,12984.8
0.21155,-57.5,-9.9,8029.0,12974.4
0.21160,-57.5,-9.9,8029.0,12974.4
0.21165,-57.5,-9.9,8029.0,12973.4
0.21170,-57.5,-9.9,8041.2,12964.0
0.21175,-57.5,-9.9,8013.9,12964.0
0.21180,-57.5,-9.9,8013.9,12964.0
0.21185,-57.5,-9.9,8041.2,12973.4
0.21190,-57.5,-9.9,8041.2,12986.2
0.21195,-57.5,-9.9,8013.9,12986.2
0.21200,-57.5,-9.9,8013.9,12990.0
0.21205,-57.5,-9.9,7985.1,12990.0
0.21210,-57.5,-9.9,7985.1,12990.0
0.21215,-57.5,-9.9,7985.1,12995.3
0.21220,-57.5,-9.9,7969.4,12990.0
0.21225,-57.5,-9.9,7969.4,12962.2
0.21230,-57.5,-9.9,7969.4,12962.2
0.21235,-57.5,-9.9,7968.4,12959.7
0.21240,-57.5,-9.9,7968.4,12958.3
0.21245,-57.5,-9.9,7968.4,12957.0
0.21250,-57.5,-9.9,7965.8,12957.0
0.21255,-57.5,-9.9,7965.8,12959.7
0.21260,-57.5,-9.9,7965.8,12959.7
0.21265,-57.5,-9.9,7965.8,13010.9
0.21270,-57.5,-9.9,7976.9,13011.0
0.21275,-57.5,-9.9,7976.9,13011.0
0.21280,-57.5,-9.9,7976.9,13028.2
0.21285,-57.5,-9.9,7976.9,13031.1
0.21290,-57.5,-9.9,7974.4,13031.1
0.21295,-57.5,-9.9,7974.4,13028.2
0.21300,-57.5,-9.9,7970.4,13020.1
0.21305,-57.5,-9.9,7937.3,13020.1
0.21310,-57.5,-9.9,7970.4,13020.1
0.21315,-57.5,-9.9,7970.4,13009.0
0.21320,-57.5,-9.9,7939.0,12998.0
0.21325,-57.5,-9.9,7939.0,12987.0
0.21330,-57.5,-9.9,7939.0,12976.0
0.21335,-57.5,-9.9,7937.3,12965.0
0.21340,-57.5,-9.9,7937.3,12954.0
0.21345,-57.5,-9.9,7939.0,12942.9
0.21350,-57.5,-9.9,7939.0,12931.9
0.21355,-57.5,-9.9,7907.7,12920.9
0.21360,-57.5,-9.9,7905.2,12909.9
0.21365,-57.5,-9.9,7905.2,12898.9
0.21370,-57.5,-9.9,7907.7,12887.8
0.21375,-57.5,-9.9,7907.7,12876.8
0.21380,-57.5,-9.9,7891.6,12865.8
0.21385,-57.5,-9.9,7924.9,12854.8
0.21390,-57.5,-9.9,7924.9,12854.8
0.21395,-57.5,-9.9,7924.9,12854.8
0.21400,-57.5,-9.9,7924.9,12852.5
0.21405,-57.5,-9.9,7940.0,12852.5
0.21410,-57.5,-9.9,7924.9,12852.5
0.21415,-57.5,-9.9,7922.4,12857.9
0.21420,-57.5,-9.9,7922.4,12860.7
0.21425,-57.5,-9.9,7922.4,12860.7
0.21430,-56.5,-9.9,7922.4,12869.6
0.21435,-55.2,-9.9,7911.3,12902.9
0.21440,-53.8,-9.9,7911.3,12902.9
0.21445,-53.5,-9.9,7919.8,12920.8
0.21450,-53.5,-9.9,7898.0,12920.8
0.21455,-53.5,-9.9,7898.0,12902.9
0.21460,-53.5,-9.9,7868.2,12902.9
0.21465,-53.5,-9.9,7868.2,12873.1
0.21470,-53.5,-9.9,7890.8,12873.1
0.21475,-53.5,-9.9,7890.8,12857.5
0.21480,-53.5,-9.9,7868.2,12857.5
0.21485,-53.5,-9.9,7868.2,12873.1
0.21490,-53.5,-9.9,7868.2,12873.1
0.21495,-53.5,-9.9,7850.7,12893.5
0.21500,-53.5,-9.9,7850.7,12904.0
0.21505,-53.5,-9.9,7890.8,12904.0
0.21510,-53.5,-9.9,7850.7,12906.3
0.21515,-53.5,-9.9,7837.0,12910.1
0.21520,-53.5,-9.9,7836.8,12910.1
0.21525,-53.5,-9.9,7837.0,12910.1
0.21530,-53.5,-9.9,7837.0,12906.3
0.21535,-53.5,-9.9,7837.0,12900.6
0.21540,-53.5,-9.9,7837.0,12900.6
0.21545,-53.5,-9.9,7870.3,12890.2
0.21550,-53.5,-9.9,7870.3,12879.8
0.21555,-53.5,-9.9,7870.3,12869.4
0.21560,-53.5,-9.9,7870.3,12859.0
0.21565,-53.5,-9.9,7870.3,12848.6
0.21570,-53.5,-9.9,7856.7,12838.2
0.21575,-53.5,-9.9,7837.8,12827.8
0.21580,-53.5,-9.9,7822.1,12817.4
0.21585,-53.5,-9.9,7837.8,12806.9
0.21590,-53.5,-9.9,7837.8,12796.5
0.21595,-53.5,-9.9,7822.1,12786.1
0.21600,-53.5,-9.9,7822.1,12775.7
0.21605,-53.5,-9.9,7822.1,12765.3
0.21610,-53.5,-9.9,7806.4,12754.9
0.21615,-53.5,-9.9,7806.4,12744.5
0.21620,-53.5,-9.9,7822.1,12744.5
0.21625,-53.5,-9.9,7806.4,12744.5
0.21630,-53.5,-9.9,7787.5,12736.5
0.21635,-53.5,-9.9,7787.5,12736.4
0.21640,-53.5,-9.9,7785.0,12736.4
0.21645,-53.5,-9.9,7785.0,12736.5
0.21650,-53.5,-9.9,7785.0,12753.6
0.21655,-53.5,-9.9,7785.0,12753.6
0.21660,-53.5,-9.9,7796.1,12758.1
0.21665,-53.5,-9.9,7796.1,12787.4
0.21670,-53.5,-9.9,7796.1,12787.4
0.21675,-53.5,-9.9,7796.1,12798.5
0.21680,-53.5,-9.9,7796.1,12812.3
0.21685,-53.5,-9.9,7796.1,12798.5
0.21690,-53.5,-9.9,7796.2,12798.5
0.21695,-53.5,-9.9,7793.5,12787.4
0.21700,-53.5,-9.9,7793.5,12787.4
0.21705,-53.5,-9.9,7793.5,12787.0
0.21710,-53.5,-9.9,7791.7,12761.1
0.21715,-53.5,-9.9,7791.7,12787.0
0.21720,-53.5,-9.9,7791.7,12787.0
0.21725,-53.5,-9.9,7764.1,12778.9
0.21730,-53.5,-9.9,7764.1,12787.0
0.21735,-53.5,-9.9,7735.6,12787.0
0.21740,-53.5,-9.9,7735.6,12796.1
0.21745,-53.5,-9.9,7764.1,12812.2
0.21750,-53.5,-9.9,7764.1,12812.2
0.21755,-53.5,-9.9,7735.6,12812.2
0.21760,-53.5,-9.9,7735.6,12810.6
0.21765,-53.5,-9.9,7735.6,12803.1
0.21770,-53.5,-9.9,7732.9,12803.1
0.21775,-53.5,-9.9,7732.9,12803.1
0.21780,-53.5,-9.9,7775.6,12795.6
0.21785,-53.5,-9.9,7732.9,12788.1
0.21790,-53.5,-9.9,7719.3,12780.6
0.21795,-53.5,-9.9,7704.2,12773.1
0.21800,-53.5,-9.9,7719.3,12765.6
0.21805,-53.5,-9.9,7719.3,12758.1
0.21810,-53.5,-9.9,7719.3,12750.6
0.21815,-53.5,-9.9,7719.3,12743.1
0.21820,-53.5,-9.9,7752.6,12735.6
0.21825,-53.5,-9.9,7736.5,12728.1
0.21830,-53.5,-9.9,7736.5,12720.6
0.21835,-53.5,-9.9,7739.0,12713.1
0.21840,-53.5,-9.9,7739.0,12705.6
0.21845,-53.5,-9.9,7736.5,12698.2
0.21850,-53.5,-9.9,7705.2,12690.7
0.21855,-53.5,-9.9,7705.2,12683.2
0.21860,-53.5,-9.9,7706.9,12675.7
0.21865,-53.5,-9.9,7706.9,12668.2
0.21870,-53.5,-9.9,7705.2,12668.2
0.21875,-53.5,-9.9,7705.2,12668.2
0.21880,-53.5,-9.9,7705.2,12668.2
0.21885,-53.5,-9.9,7673.8,12660.7
0.21890,-53.5,-9.9,7673.8,12660.7
0.21895,-53.5,-9.9,7706.9,12661.1
0.21900,-53.5,-9.9,7673.8,12661.1
0.21905,-53.5,-9.9,7669.8,12672.2
0.21910,-53.5,-9.9,7656.1,12718.6
0.21915,-53.5,-9.9,7656.1,12672.2
0.21920,-53.5,-9.9,7656.1,12671.7
0.21925,-53.5,-9.9,7656.1,12671.7
0.21930,-53.5,-9.9,7656.1,12671.7
0.21935,-53.5,-9.9,7689.5,12671.7
0.21940,-53.5,-9.9,7689.5,12622.7
0.21945,-53.5,-9.9,7689.5,12671.7
0.21950,-53.5,-9.9,7689.5,12671.7
0.21955,-53.5,-9.9,7689.5,12671.7
0.21960,-53.5,-9.9,7675.8,12671.9
0.21965,-52.5,-9.9,7675.8,12676.5
0.21970,-51.2,-9.9,7674.8,12676.5
0.21975,-49.8,-9.9,7674.8,12689.4
0.21980,-49.6,-9.9,7674.8,12689.4
0.21985,-49.6,-9.9,7659.1,12689.4
0.21990,-49.6,-9.9,7659.1,12688.7
0.21995,-49.6,-9.9,7659.1,12681.2
0.22000,-49.6,-9.9,7630.3,12681.2
0.22005,-49.6,-9.9,7630.3,12681.2
0.22010,-49.6,-9.9,7603.0,12673.7
0.22015,-49.6,-9.9,7603.0,12666.2
0.22020,-49.6,-9.9,7630.3,12658.7
0.22025,-49.6,-9.9,7630.3,12651.2
0.22030,-49.6,-9.9,7603.0,12643.7
0.22035,-49.6,-9.9,7615.2,12636.2
0.22040,-49.6,-9.9,7615.2,12628.7
0.22045,-49.6,-9.9,7615.2,12621.2
0.22050,-49.6,-9.9,7615.2,12613.7
0.22055,-49.6,-9.9,7660.1,12606.2
0.22060,-49.6,-9.9,7615.2,12598.7
0.22065,-49.6,-9.9,7601.6,12591.2
0.22070,-49.6,-9.9,7571.6,12583.8
0.22075,-49.6,-9.9,7601.6,12576.3
0.22080,-49.6,-9.9,7601.6,12568.8
0.22085,-49.6,-9.9,7601.6,12561.3
0.22090,-49.6,-9.9,7601.6,12553.8
0.22095,-49.6,-9.9,7628.7,12546.3
0.22100,-49.6,-9.9,7602.6,12546.3
0.22105,-49.6,-9.9,7602.6,12546.3
0.22110,-49.6,-9.9,7621.3,12538.8
0.22115,-49.6,-9.9,7621.3,12538.8
0.22120,-49.6,-9.9,7602.6,12538.8
0.22125,-49.6,-9.9,7572.6,12565.4
0.22130,-49.6,-9.9,7572.6,12565.4
0.22135,-49.6,-9.9,7591.7,12565.4
0.22140,-49.6,-9.9,7591.7,12581.0
0.22145,-49.6,-9.9,7572.6,12581.0
0.22150,-49.6,-9.9,7572.6,12561.9
0.22155,-49.6,-9.9,7572.6,12581.0
0.22160,-49.6,-9.9,7552.1,12561.9
0.22165,-49.6,-9.9,7552.1,12545.9
0.22170,-49.6,-9.9,7591.7,12532.3
0.22175,-49.6,-9.9,7552.1,12532.3
0.22180,-49.6,-9.9,7541.2,12532.3
0.22185,-49.6,-9.9,7538.4,12529.1
0.22190,-49.6,-9.9,7538.4,12532.3
0.22195,-49.6,-9.9,7538.4,12554.5
0.22200,-49.6,-9.9,7538.4,12554.5
0.22205,-49.6,-9.9,7538.4,12586.7
0.22210,-49.6,-9.9,7571.8,12586.7
0.22215,-49.6,-9.9,7571.8,12586.7
0.22220,-49.6,-9.9,7571.8,12579.2
0.22225,-49.6,-9.9,7571.8,12579.2
0.22230,-49.6,-9.9,7571.8,12579.2
0.22235,-49.6,-9.9,7558.1,12571.7
0.22240,-49.6,-9.9,7542.2,12564.2
0.22245,-49.6,-9.9,7523.0,12556.7
0.22250,-49.6,-9.9,7542.2,12549.2
0.22255,-49.6,-9.9,7542.2,12541.7
0.22260,-49.6,-9.9,7523.0,12534.2
0.22265,-49.6,-9.9,7523.0,12526.7
0.22270,-49.6,-9.9,7523.0,12519.2
0.22275,-49.6,-9.9,7510.8,12511.7
0.22280,-49.6,-9.9,7510.8,12504.2
0.22285,-49.6,-9.9,7523.0,12496.7
0.22290,-49.6,-9.9,7510.8,12489.2
0.22295,-49.6,-9.9,7489.0,12481.7
0.22300,-49.6,-9.9,7489.0,12474.2
0.22305,-49.6,-9.9,7486.4,12466.7
0.22310,-49.6,-9.9,7486.4,12459.2
0.22315,-49.6,-9.9,7486.4,12451.7
0.22320,-49.6,-9.9,7486.4,12444.3
0.22325,-49.6,-9.9,7486.4,12444.3
0.22330,-49.6,-9.9,7486.4,12444.3
0.22335,-49.6,-9.9,7486.4,12444.3
0.22340,-49.6,-9.9,7483.9,12436.8
0.22345,-49.6,-9.9,7439.1,12436.8
0.22350,-49.6,-9.9,7483.9,12443.6
0.22355,-49.6,-9.9,7483.9,12444.5
0.22360,-49.6,-9.9,7483.9,12447.1
0.22365,-49.6,-9.9,7483.9,12447.1
0.22370,-49.6,-9.9,7496.1,12461.6
0.22375,-49.6,-9.9,7468.8,12473.8
0.22380,-49.6,-9.9,7468.8,12473.8
0.22385,-49.6,-9.9,7496.1,12491.7
0.22390,-49.6,-9.9,7496.1,12491.7
0.22395,-49.6,-9.9,7468.8,12473.8
0.22400,-49.6,-9.9,7440.0,12473.8
0.22405,-49.6,-9.9,7440.0,12445.0
0.22410,-49.6,-9.9,7468.8,12445.0
0.22415,-49.6,-9.9,7468.8,12429.3
0.22420,-49.6,-9.9,7440.0,12429.3
0.22425,-49.6,-9.9,7440.0,12445.0
0.22430,-49.6,-9.9,7440.0,12445.0
0.22435,-49.6,-9.9,7434.4,12485.3
0.22440,-49.6,-9.9,7434.4,12490.8
0.22445,-49.6,-9.9,7476.6,12490.8
0.22450,-49.6,-9.9,7434.4,12496.5
0.22455,-49.6,-9.9,7420.7,12498.1
0.22460,-49.6,-9.9,7408.7,12498.1
0.22465,-49.6,-9.9,7420.7,12498.1
0.22470,-49.6,-9.9,7420.7,12496.5
0.22475,-49.6,-9.9,7420.7,12491.3
0.22480,-49.6,-9.9,7420.7,12491.3
0.22485,-49.6,-9.9,7454.1,12480.9
0.22490,-49.6,-9.9,7441.1,12470.5
0.22495,-49.6,-9.9,7441.1,12460.1
0.22500,-49.6,-9.9,7441.1,12449.6
0.22505,-49.6,-9.9,7441.1,12439.2
0.22510,-49.6,-9.9,7440.4,12428.8
0.22515,-49.6,-9.9,7409.6,12418.4
0.22520,-49.6,-9.9,7407.9,12408.0
0.22525,-49.6,-9.9,7409.6,12397.6
0.22530,-49.6,-9.9,7409.6,12387.2
0.22535,-49.6,-9.9,7407.9,12376.8
0.22540,-49.6,-9.9,7407.9,12366.4
0.22545,-49.6,-9.9,7407.9,12356.0
0.22550,-49.6,-9.9,7378.3,12345.6
0.22555,-49.6,-9.9,7378.3,12335.2
0.22560,-49.6,-9.9,7407.9,12335.2
0.22565,-49.6,-9.9,7378.3,12335.2
0.22570,-49.6,-9.9,7371.2,12328.4
0.22575,-49.6,-9.9,7357.6,12324.8
0.22580,-49.6,-9.9,7357.6,12324.8
0.22585,-49.6,-9.9,7357.6,12328.4
0.22590,-49.6,-9.9,7357.6,12345.6
0.22595,-49.6,-9.9,7357.6,12345.6
0.22600,-49.6,-9.9,7390.9,12346.2
0.22605,-49.6,-9.9,7390.9,12371.1
0.22610,-49.6,-9.9,7390.9,12371.1
0.22615,-49.6,-9.9,7390.9,12371.1
0.22620,-49.6,-9.9,7390.9,12371.1
0.22625,-49.6,-9.9,7379.2,12371.1
0.22630,-49.6,-9.9,7377.3,12371.1
0.22635,-49.6,-9.9,7339.1,12368.5
0.22640,-49.6,-9.9,7377.3,12368.5
0.22645,-49.6,-9.9,7377.3,12328.4
0.22650,-49.6,-9.9,7347.9,12328.4
0.22655,-49.6,-9.9,7347.9,12347.9
0.22660,-49.6,-9.9,7347.9,12368.5
0.22665,-49.6,-9.9,7339.1,12371.0
0.22670,-49.6,-9.9,7339.1,12371.0
0.22675,-49.6,-9.9,7347.9,12371.0
0.22680,-49.6,-9.9,7347.9,12388.1
0.22685,-49.6,-9.9,7317.1,12396.8
0.22690,-49.6,-9.9,7308.1,12396.8
0.22695,-49.6,-9.9,7308.1,12396.8
0.22700,-49.6,-9.9,7317.1,12393.5
0.22705,-49.6,-9.9,7317.1,12388.1
0.22710,-49.6,-9.9,7294.4,12388.1
0.22715,-49.6,-9.9,7327.8,12382.5
0.22720,-49.6,-9.9,7327.8,12371.5
0.22725,-49.6,-9.9,7327.8,12360.5
0.22730,-49.6,-9.9,7327.8,12349.5
0.22735,-49.6,-9.9,7348.8,12338.5
0.22740,-49.6,-9.9,7327.8,12327.4
0.22745,-49.6,-9.9,7314.1,12316.4
0.22750,-49.6,-9.9,7270.4,12305.4
0.22755,-49.6,-9.9,7314.1,12294.4
0.22760,-49.6,-9.9,7314.1,12283.4
0.22765,-49.6,-9.9,7314.1,12272.4
0.22770,-49.6,-9.9,7314.1,12261.3
0.22775,-49.6,-9.9,7317.5,12250.3
0.22780,-49.6,-9.9,7289.4,12239.3
0.22785,-49.6,-9.9,7289.4,12228.3
0.22790,-49.6,-8.7,7317.5,12228.3
0.22795,-49.6,-7.3,7317.5,12228.3
0.22800,-49.6,-5.9,7289.4,12220.8
0.22805,-49.6,-5.9,7261.3,12217.3
0.22810,-49.6,-5.9,7261.3,12217.3
0.22815,-49.6,-5.9,7289.4,12220.8
0.22820,-49.6,-5.9,7289.4,12229.5
0.22825,-49.6,-5.9,7261.3,12229.5
0.22830,-49.6,-5.9,7264.7,12242.5
0.22835,-49.6,-5.9,7264.7,12244.8
0.22840,-49.6,-5.9,7264.7,12244.8
0.22845,-49.6,-5.9,7264.7,12244.8
0.22850,-49.6,-5.9,7308.4,12244.8
0.22855,-49.6,-5.9,7264.7,12244.8
0.22860,-49.6,-5.9,7251.0,12244.8
0.22865,-49.6,-5.9,7230.0,12244.8
0.22870,-49.6,-5.9,7251.0,12244.8
0.22875,-49.6,-5.9,7251.0,12278.2
0.22880,-49.6,-5.9,7251.0,12278.2
0.22885,-49.6,-5.9,7251.0,12278.2
0.22890,-49.6,-5.9,7284.3,12278.2
0.22895,-49.6,-5.9,7261.7,12278.2
0.22900,-49.6,-5.9,7261.7,12259.7
0.22905,-49.6,-5.9,7270.7,12259.7
0.22910,-49.6,-5.9,7270.7,12259.7
0.22915,-49.6,-5.9,7261.7,12276.8
0.22920,-49.6,-5.9,7230.9,12276.8
0.22925,-49.6,-5.9,7230.9,12273.6
0.22930,-49.6,-5.9,7239.6,12273.6
0.22935,-49.6,-5.9,7239.6,12273.6
0.22940,-49.6,-5.9,7230.9,12273.6
0.22945,-49.6,-5.9,7230.9,12273.6
0.22950,-49.6,-5.9,7230.9,12266.7
0.22955,-49.6,-5.9,7201.5,12259.7
0.22960,-49.6,-5.9,7201.5,12252.7
0.22965,-49.6,-5.9,7239.6,12245.8
0.22970,-49.6,-5.9,7201.5,12238.8
0.22975,-49.6,-5.9,7199.6,12231.9
0.22980,-49.6,-5.9,7187.9,12224.9
0.22985,-49.6,-5.9,7187.9,12217.9
0.22990,-49.6,-5.9,7187.9,12211.0
0.22995,-49.6,-5.9,7187.9,12204.0
0.23000,-49.6,-5.9,7187.9,12197.0
0.23005,-49.6,-5.9,7221.2,12190.1
0.23010,-49.6,-5.9,7221.2,12183.1
0.23015,-49.6,-5.9,7221.2,12176.2
0.23020,-49.6,-5.9,7221.2,12169.2
0.23025,-49.6,-5.9,7221.2,12162.2
0.23030,-49.6,-5.9,7221.2,12155.3
0.23035,-49.6,-5.9,7155.3,12148.3
0.23040,-49.6,-5.9,7155.3,12148.3
0.23045,-49.6,-5.9,7170.9,12148.3
0.23050,-49.6,-5.9,7170.9,12148.3
0.23055,-49.6,-5.9,7169.2,12148.3
0.23060,-49.6,-5.9,7169.2,12141.4
0.23065,-49.6,-5.9,7170.9,12160.5
0.23070,-49.6,-5.9,7170.9,12160.5
0.23075,-49.6,-5.9,7169.2,12160.5
0.23080,-49.6,-5.9,7170.9,12160.5
0.23085,-49.6,-5.9,7169.2,12160.5
0.23090,-49.6,-5.9,7138.4,12160.5
0.23095,-49.6,-5.9,7137.6,12160.5
0.23100,-49.6,-5.9,7137.6,12133.7
0.23105,-49.2,-5.9,7137.6,12151.9
0.23110,-47.8,-5.9,7137.6,12151.9
0.23115,-46.4,-5.9,7124.7,12151.9
0.23120,-45.6,-5.9,7158.1,12151.9
0.23125,-45.6,-5.9,7158.1,12151.9
0.23130,-45.6,-5.9,7158.1,12151.9
0.23135,-45.6,-5.9,7158.1,12151.9
0.23140,-45.6,-5.9,7170.1,12151.9
0.23145,-45.6,-5.9,7158.1,12156.0
0.23150,-45.6,-5.9,7144.4,12173.1
0.23155,-45.6,-5.9,7102.2,12173.1
0.23160,-45.6,-5.9,7144.4,12173.1
0.23165,-45.6,-5.9,7144.4,12173.1
0.23170,-45.6,-5.9,7138.8,12173.1
0.23175,-45.6,-5.9,7138.8,12173.1
0.23180,-45.6,-5.9,7138.8,12167.4
0.23185,-45.6,-5.9,7110.0,12159.9
0.23190,-45.6,-5.9,7110.0,12152.4
0.23195,-45.6,-5.9,7138.8,12144.9
0.23200,-45.6,-5.9,7138.8,12137.4
0.23205,-45.6,-5.9,7110.0,12129.9
0.23210,-45.6,-5.9,7082.7,12122.4
0.23215,-45.6,-5.9,7082.7,12114.9
0.23220,-45.6,-5.9,7110.0,12107.4
0.23225,-45.6,-5.9,7110.0,12099.9
0.23230,-45.6,-5.9,7082.7,12092.4
0.23235,-45.6,-5.9,7094.9,12084.9
0.23240,-45.6,-5.9,7094.9,12077.4
0.23245,-45.6,-5.9,7094.9,12070.0
0.23250,-45.6,-5.9,7094.9,12062.5
0.23255,-45.6,-5.9,7139.7,12055.0
0.23260,-45.6,-5.9,7094.9,12047.5
0.23265,-45.6,-5.3,7081.3,12047.5
0.23270,-45.6,-3.9,7051.3,12047.5
0.23275,-45.6,-2.6,7081.3,12047.5
0.23280,-45.6,-2.0,7081.3,12047.5
0.23285,-45.6,-2.0,7081.3,12048.9
0.23290,-45.6,-2.0,7081.3,12048.9
0.23295,-45.6,-2.0,7108.4,12066.0
0.23300,-45.6,-2.0,7082.3,12072.9
0.23305,-45.6,-2.0,7082.3,12072.9
0.23310,-45.6,-2.0,7101.0,12072.9
0.23315,-45.6,-2.0,7101.0,12072.9
0.23320,-45.6,-2.0,7082.3,12072.9
0.23325,-45.6,-2.0,7052.3,12072.9
0.23330,-45.6,-2.0,7052.3,12060.7
0.23335,-45.6,-2.0,7071.4,12060.7
0.23340,-45.6,-2.0,7071.4,12060.7
0.23345,-45.6,-2.0,7052.3,12041.6
0.23350,-45.6,-2.0,7052.3,12041.6
0.23355,-45.6,-2.0,7052.3,12041.6
0.23360,-45.6,-2.0,7031.8,12041.6
0.23365,-45.6,-2.0,7031.8,12041.6
0.23370,-45.6,-2.0,7071.4,12041.6
0.23375,-45.6,-2.0,7031.8,12080.4
0.23380,-45.6,-2.0,7020.9,12080.4
0.23385,-45.6,-2.0,7018.1,12072.9
0.23390,-45.6,-2.0,7018.1,12072.9
0.23395,-45.6,-2.0,7018.1,12072.9
0.23400,-45.6,-2.0,7018.1,12072.9
0.23405,-45.6,-2.0,7018.1,12065.4
0.23410,-45.6,-2.0,7051.5,12057.9
0.23415,-45.6,-2.0,7051.5,12050.4
0.23420,-45.6,-2.0,7051.5,12042.9
0.23425,-45.6,-2.0,7051.5,12035.4
0.23430,-45.6,-2.0,7051.5,12027.9
0.23435,-45.6,-2.0,7037.8,12020.4
0.23440,-45.6,-2.0,7021.9,12012.9
0.23445,-45.6,-2.0,7002.7,12005.4
0.23450,-45.6,-2.0,7021.9,11997.9
0.23455,-45.6,-2.0,7021.9,11990.4
0.23460,-45.6,-2.0,7002.7,11982.9
0.23465,-45.6,-2.0,7002.7,11975.4
0.23470,-45.6,-2.0,7002.7,11967.9
0.23475,-45.6,-2.0,6990.5,11960.4
0.23480,-45.6,-2.0,6990.5,11952.9
0.23485,-45.6,-2.0,7002.7,11945.4
0.23490,-45.6,-2.0,6990.5,11937.9
0.23495,-45.6,-2.0,6968.6,11932.8
0.23500,-45.6,-2.0,6958.2,11932.8
0.23505,-45.6,-2.0,6958.2,11932.8
0.23510,-45.6,-2.0,6958.2,11930.5
0.23515,-45.6,-2.0,6958.2,11923.0
0.23520,-45.6,-2.0,6955.0,11923.0
0.23525,-45.6,-2.0,6988.3,11932.8
0.23530,-45.6,-2.0,6988.3,11943.9
0.23535,-45.6,-2.0,6988.3,11943.9
0.23540,-45.6,-2.0,6988.3,11950.0
0.23545,-45.6,-2.0,6991.5,11979.6
0.23550,-45.6,-2.0,6988.3,11979.6
0.23555,-45.6,-2.0,6974.7,11990.7
0.23560,-45.6,-2.0,6934.0,11990.7
0.23565,-45.6,-2.0,6974.7,11980.8
0.23570,-45.6,-2.0,6974.7,11980.8
0.23575,-45.6,-2.0,6960.1,11979.6
0.23580,-45.6,-2.0,6960.1,11979.6
0.23585,-45.6,-2.0,6960.1,11953.4
0.23590,-45.6,-2.0,6934.0,11953.4
0.23595,-45.6,-2.0,6934.0,11959.4
0.23600,-45.6,-2.0,6960.1,11959.4
0.23605,-45.6,-2.0,6960.1,11959.4
0.23610,-45.6,-2.0,6930.6,11975.3
0.23615,-45.6,-2.0,6905.5,11975.3
0.23620,-45.6,-2.0,6905.5,11992.5
0.23625,-45.6,-2.0,6930.6,11998.8
0.23630,-45.6,-2.0,6930.6,11998.8
0.23635,-45.6,-2.0,6904.0,11998.8
0.23640,-45.6,-2.0,6925.2,11996.6
0.23645,-45.6,-2.0,6925.2,11992.5
0.23650,-45.6,-2.0,6925.2,11992.5
0.23655,-45.6,-2.0,6925.2,11985.6
0.23660,-45.6,-2.0,6961.1,11974.6
0.23665,-45.6,-2.0,6925.2,11963.5
0.23670,-45.6,-2.0,6911.5,11952.5
0.23675,-45.6,-2.0,6872.7,11941.5
0.23680,-45.6,-2.0,6911.5,11930.5
0.23685,-45.6,-2.0,6911.5,11919.5
0.23690,-45.6,-2.0,6911.5,11908.4
0.23695,-45.6,-2.0,6911.5,11897.4
0.23700,-45.6,-2.0,6929.7,11886.4
0.23705,-45.6,-2.0,6902.9,11875.4
0.23710,-45.6,-2.0,6902.9,11864.4
0.23715,-45.6,-2.0,6929.7,11853.4
0.23720,-45.6,-2.0,6929.7,11842.3
0.23725,-45.6,-2.0,6902.9,11831.3
0.23730,-45.6,-2.0,6873.6,11831.3
0.23735,-45.6,-2.0,6873.6,11831.3
0.23740,-45.6,-2.0,6902.9,11823.4
0.23745,-45.6,-2.0,6873.6,11820.3
0.23750,-45.6,-2.0,6873.6,11820.3
0.23755,-45.6,-2.0,6903.2,11823.4
0.23760,-45.6,-2.0,6903.2,11833.9
0.23765,-45.6,-2.0,6903.2,11833.9
0.23770,-45.6,-2.0,6903.2,11845.0
0.23775,-45.6,-2.0,6910.2,11853.3
0.23780,-45.6,-2.0,6910.2,11853.3
0.23785,-45.6,-2.0,6861.8,11853.3
0.23790,-45.6,-2.0,6861.8,11853.3
0.23795,-45.6,-2.0,6861.8,11853.3
0.23800,-45.6,-2.0,6841.0,11853.3
0.23805,-45.6,-2.0,6826.6,11853.3
0.23810,-45.6,-2.0,6841.0,11853.3
0.23815,-45.6,-2.0,6841.0,11801.5
0.23820,-45.6,-2.0,6841.0,11801.5
0.23825,-45.6,-2.0,6841.0,11816.5
0.23830,-45.6,-2.0,6883.7,11901.8
0.23835,-45.6,-2.0,6883.7,11901.8
0.23840,-45.6,-2.0,6857.3,11876.4
0.23845,-45.6,-2.0,6879.2,11876.4
0.23850,-45.6,-2.0,6879.2,11876.4
0.23855,-45.6,-2.0,6857.3,11893.6
0.23860,-45.6,-2.0,6827.5,11895.1
0.23865,-45.6,-2.0,6827.5,11895.1
0.23870,-45.6,-2.0,6850.2,11893.6
0.23875,-45.6,-2.0,6850.2,11887.6
0.23880,-45.6,-2.0,6827.5,11887.6
0.23885,-45.6,-2.0,6827.5,11887.6
0.23890,-45.6,-2.0,6827.5,11880.1
0.23895,-45.6,-2.0,6810.0,11872.6
0.23900,-45.6,-2.0,6810.0,11865.1
0.23905,-45.6,-2.0,6850.2,11857.6
0.23910,-45.6,-2.0,6810.0,11850.1
0.23915,-45.6,-2.0,6796.4,11842.6
0.23920,-45.6,-2.0,6796.2,11835.2
0.23925,-45.6,-2.0,6796.4,11827.7
0.23930,-45.6,-2.0,6796.4,11820.2
0.23935,-45.6,-2.0,6796.4,11812.7
0.23940,-45.6,-2.0,6796.4,11805.2
0.23945,-45.6,-2.0,6829.7,11797.7
0.23950,-45.6,-2.0,6829.7,11790.2
0.23955,-45.6,-2.0,6829.7,11782.7
0.23960,-45.6,-2.0,6829.7,11775.2
0.23965,-45.6,-2.0,6829.7,11767.7
0.23970,-45.6,-2.0,6816.1,11760.2
0.23975,-45.6,-2.0,6797.1,11752.7
0.23980,-45.6,-2.0,6781.5,11752.7
0.23985,-45.6,-2.0,6797.1,11752.7
0.23990,-45.6,-2.0,6797.1,11752.7
0.23995,-45.6,-2.0,6781.5,11752.7
0.24000,-45.6,-2.0,6781.5,11745.2
0.24005,-45.6,-2.0,6781.5,11756.1
0.24010,-45.6,-2.0,6765.8,11756.1
0.24015,-45.6,-2.0,6765.8,11756.1
0.24020,-45.6,-2.0,6781.5,11786.4
0.24025,-45.6,-2.0,6765.8,11756.1
0.24030,-45.6,-2.0,6746.9,11749.3
0.24035,-45.6,-2.0,6733.3,11749.3
0.24040,-45.6,-2.0,6733.3,11738.2
0.24045,-45.6,-2.0,6733.3,11749.3
0.24050,-45.6,-2.0,6733.2,11749.3
0.24055,-45.6,-2.0,6733.2,11749.3
0.24060,-45.6,-2.0,6757.9,11749.3
0.24065,-45.6,-2.0,6757.9,11714.6
0.24070,-45.6,-2.0,6757.9,11749.3
0.24075,-45.6,-2.0,6762.3,11760.4
0.24080,-45.6,-2.0,6766.7,11760.4
0.24085,-45.6,-2.0,6762.3,11793.1
0.24090,-45.6,-2.0,6762.3,11793.1
0.24095,-45.6,-2.0,6762.3,11785.6
0.24100,-45.6,-2.0,6762.3,11785.6
0.24105,-45.6,-2.0,6712.8,11785.6
0.24110,-45.6,-2.0,6712.8,11785.6
0.24115,-45.6,-2.0,6728.4,11778.1
0.24120,-45.6,-2.0,6728.4,11770.6
0.24125,-45.6,-2.0,6719.7,11763.1
0.24130,-45.6,-2.0,6719.7,11755.6
0.24135,-45.6,-2.0,6728.4,11748.1
0.24140,-45.6,-2.0,6728.4,11740.6
0.24145,-45.6,-2.0,6719.7,11733.1
0.24150,-45.6,-2.0,6728.4,11725.6
0.24155,-45.6,-2.0,6719.7,11718.1
0.24160,-45.6,-2.0,6694.9,11710.6
0.24165,-45.6,-2.0,6687.7,11703.1
0.24170,-45.6,-2.0,6687.7,11695.7
0.24175,-45.6,-2.0,6687.7,11688.2
0.24180,-45.6,-2.0,6687.7,11680.7
0.24185,-45.6,-2.0,6681.2,11673.2
0.24190,-45.6,-2.0,6714.5,11665.7
0.24195,-45.6,-2.0,6714.5,11658.2
0.24200,-45.6,-2.0,6714.5,11650.7
0.24205,-45.6,-2.0,6714.5,11650.7
0.24210,-45.6,-2.0,6720.7,11650.7
0.24215,-45.6,-2.0,6714.5,11650.7
0.24220,-45.6,-2.0,6700.9,11643.2
0.24225,-45.6,-2.0,6659.7,11643.2
0.24230,-45.6,-2.0,6700.9,11651.1
0.24235,-45.6,-2.0,6700.9,11653.2
0.24240,-45.6,-2.0,6689.3,11664.7
0.24245,-45.6,-2.0,6689.3,11664.7
0.24250,-45.6,-2.0,6689.3,11670.4
0.24255,-45.6,-2.0,6660.0,11664.7
0.24260,-45.6,-2.0,6660.0,11664.7
0.24265,-45.6,-2.0,6689.3,11664.7
0.24270,-45.6,-2.0,6689.3,11682.9
0.24275,-45.6,-2.0,6660.0,11682.9
0.24280,-45.6,-2.0,6633.2,11682.9
0.24285,-45.6,-2.0,6633.2,11653.8
0.24290,-45.6,-2.0,6660.0,11653.8
0.24295,-45.6,-2.0,6660.0,11622.5
0.24300,-45.6,-2.0,6633.2,11622.5
0.24305,-45.6,-2.0,6651.4,11686.9
0.24310,-45.6,-2.0,6651.4,11710.6
0.24315,-45.6,-2.0,6651.4,11710.6
0.24320,-45.6,-2.0,6651.4,11695.7
0.24325,-45.6,-2.0,6690.3,11687.7
0.24330,-45.6,-2.0,6651.4,11687.7
0.24335,-45.6,-2.0,6637.7,11687.7
0.24340,-45.6,-2.0,6601.9,11687.7
0.24345,-45.6,-2.0,6637.7,11679.7
0.24350,-45.6,-2.0,6605.6,11671.6
0.24355,-45.6,-2.0,6605.6,11663.6
0.24360,-45.6,-2.0,6606.7,11655.6
0.24365,-45.6,-2.0,6606.7,11647.5
0.24370,-45.6,-2.0,6606.7,11639.5
0.24375,-45.6,-2.0,6606.7,11631.5
0.24380,-45.6,-2.0,6643.3,11623.4
0.24385,-45.6,-2.0,6643.3,11615.4
0.24390,-45.6,-2.0,6606.7,11607.4
0.24395,-45.6,-2.0,6606.7,11599.3
0.24400,-45.6,-2.0,6628.9,11591.3
0.24405,-45.6,-2.0,6628.9,11583.3
0.24410,-45.6,-2.0,6602.8,11575.2
0.24415,-45.6,-2.0,6602.8,11567.2
0.24420,-45.6,-2.0,6628.9,11559.2
0.24425,-45.6,-2.0,6628.9,11551.1
0.24430,-45.6,-2.0,6628.9,11543.1
0.24435,-45.6,-2.0,6628.9,11537.2
0.24440,-45.6,-2.0,6638.9,11537.2
0.24445,-45.6,-2.0,6638.9,11537.2
0.24450,-45.6,-2.0,6599.4,11535.1
0.24455,-45.6,-2.0,6644.2,11527.3
0.24460,-45.6,-2.0,6599.4,11527.3
0.24465,-45.6,-2.0,6585.7,11537.2
0.24470,-45.6,-2.0,6555.8,11550.7
0.24475,-45.6,-2.0,6585.7,11550.7
0.24480,-45.6,-2.0,6585.7,11554.3
0.24485,-45.6,-2.0,6585.7,11609.6
0.24490,-45.6,-2.0,6585.7,11609.6
0.24495,-45.6,-2.0,6612.9,11612.9
0.24500,-45.6,-2.0,6586.8,11612.9
0.24505,-45.6,-2.0,6586.8,11609.6
0.24510,-45.6,-2.0,6605.4,11609.6
0.24515,-45.6,-2.0,6605.4,11591.7
0.24520,-45.6,-2.0,6586.8,11591.7
0.24525,-45.6,-2.0,6556.7,11561.7
0.24530,-45.6,-2.0,6556.7,11561.7
0.24535,-45.6,-2.0,6575.9,11580.8
0.24540,-45.6,-2.0,6575.9,11580.8
0.24545,-45.6,-2.0,6556.7,11580.8
0.24550,-45.6,-2.0,6556.7,11592.1
0.24555,-45.6,-2.0,6556.7,11592.1
0.24560,-45.6,-2.0,6536.2,11609.0
0.24565,-45.6,-2.0,6536.2,11609.3
0.24570,-45.6,-2.0,6575.9,11619.0
0.24575,-45.6,-2.0,6536.2,11619.0
0.24580,-45.6,-2.0,6525.4,11611.0
0.24585,-45.6,-2.0,6522.6,11611.0
0.24590,-45.6,-2.0,6522.6,11611.0
0.24595,-45.6,-2.0,6522.6,11611.0
0.24600,-45.6,-2.0,6490.4,11602.9
0.24605,-45.6,-2.0,6522.6,11594.9
0.24610,-45.6,-2.0,6522.6,11586.9
0.24615,-45.6,-2.0,6522.6,11578.8
0.24620,-45.6,-2.0,6522.6,11570.8
0.24625,-45.6,-2.0,6566.8,11562.8
0.24630,-45.6,-2.0,6566.8,11554.7
0.24635,-45.6,-2.0,6541.2,11546.7
0.24640,-45.6,-2.0,6553.4,11538.7
0.24645,-45.6,-2.0,6553.4,11530.6
0.24650,-45.6,-2.0,6541.2,11522.6
0.24655,-45.6,-2.0,6510.7,11514.6
0.24660,-45.6,-2.0,6510.7,11506.5
0.24665,-45.6,-2.0,6522.9,11498.5
0.24670,-45.6,-2.0,6522.9,11490.5
0.24675,-45.6,-2.0,6510.7,11482.4
0.24680,-45.6,-2.0,6510.7,11474.4
0.24685,-45.6,-2.0,6510.7,11466.4
0.24690,-45.6,-2.0,6484.2,11466.4
0.24695,-45.6,-2.0,6484.2,11466.4
0.24700,-45.6,-2.0,6522.9,11458.3
0.24705,-45.6,-2.0,6484.2,11458.3
0.24710,-45.6,-2.0,6479.3,11458.3
0.24715,-45.6,-2.0,6470.6,11502.7
0.24720,-45.6,-2.0,6470.6,11502.7
0.24725,-45.6,-2.0,6470.6,11502.7
0.24730,-45.6,-2.0,6444.8,11534.4
0.24735,-45.6,-2.0,6470.6,11502.7
0.24740,-45.6,-2.0,6475.5,11499.3
0.24745,-45.6,-2.0,6475.5,11518.5
0.24750,-45.6,-2.0,6475.5,11499.3
0.24755,-45.6,-2.0,6498.2,11497.7
0.24760,-45.6,-2.0,6498.2,11443.4
0.24765,-45.6,-2.0,6480.3,11497.7
0.24770,-45.6,-2.0,6480.3,11499.3
0.24775,-45.6,-2.0,6480.3,11477.9
0.24780,-45.6,-2.0,6480.3,11493.2
0.24785,-45.6,-2.0,6454.1,11493.2
0.24790,-45.6,-2.0,6454.1,11493.2
0.24795,-45.6,-2.0,6469.8,11510.3
0.24800,-45.6,-2.0,6469.8,11510.4
0.24805,-45.6,-2.0,6454.1,11510.4
0.24810,-45.6,-2.0,6454.1,11510.3
0.24815,-45.6,-2.0,6469.8,11503.2
0.24820,-45.6,-2.0,6469.8,11503.2
0.24825,-45.6,-2.0,6433.2,11503.2
0.24830,-45.6,-2.0,6469.8,11495.7
0.24835,-45.6,-2.0,6433.2,11488.2
0.24840,-45.6,-2.0,6432.2,11480.7
0.24845,-45.5,-2.0,6418.5,11473.2
0.24850,-45.4,-2.0,6418.5,11465.7
0.24855,-45.3,-2.0,6418.5,11458.2
0.24860,-45.2,-2.0,6418.5,11450.7
0.24865,-45.1,-2.0,6418.5,11443.2
0.24870,-45.0,-2.0,6451.9,11435.8
0.24875,-44.8,-2.0,6451.9,11428.3
0.24880,-44.7,-2.0,6451.9,11420.8
0.24885,-44.6,-2.0,6451.9,11413.3
0.24890,-44.5,-2.0,6451.9,11405.8
0.24895,-44.4,-2.0,6438.2,11398.3
0.24900,-44.3,-2.0,6438.2,11390.8
0.24905,-44.2,-2.0,6434.2,11383.3
0.24910,-44.1,-2.0,6434.2,11375.8
0.24915,-44.0,3.7,6418.5,11375.8
0.24920,-43.9,3.7,6399.5,11375.8
0.24925,-43.8,3.7,6418.5,11375.8
0.24930,-43.7,3.7,6418.5,11375.8
0.24935,-43.6,3.7,6399.5,11376.5
0.24940,-43.5,-2.0,6399.5,11376.5
0.24945,-43.4,-2.0,6399.5,11386.1
0.24950,-43.3,-2.0,6387.2,11386.1
0.24955,-43.2,-2.0,6387.2,11386.1
0.24960,-43.1,-2.0,6387.2,11376.5
0.24965,-43.0,-2.0,6387.2,11376.5
0.24970,-42.9,-2.0,6387.2,11376.5
0.24975,-42.8,-2.0,6372.0,11376.5
0.24980,-42.7,-2.0,6372.0,11360.3
0.24985,-42.6,-2.0,6392.4,11393.7
0.24990,-42.5,-2.0,6392.4,11393.7
0.24995,-42.4,-2.0,6392.4,11393.7
0.25000,-42.3,-2.0,6399.9,11393.7
0.25005,-42.2,-2.0,6422.4,11393.7
0.25010,-42.1,-2.0,6399.9,11393.7
0.25015,-42.0,-2.0,6399.9,11393.7
0.25020,-41.9,-2.0,6399.9,11393.7
0.25025,-41.8,-2.0,6388.1,11408.7
0.25030,-41.7,-2.0,6386.2,11408.7
0.25035,-41.6,-2.0,6348.1,11401.2
0.25040,-41.5,-2.0,6386.2,11401.2
0.25045,-41.4,-2.0,6386.2,11401.2
0.25050,-41.3,-2.0,6356.8,11401.2
0.25055,-41.2,-2.0,6356.8,11393.7
0.25060,-41.1,-2.0,6356.8,11386.2
0.25065,-41.0,-2.0,6348.1,11378.7
0.25070,-40.9,-2.0,6348.1,11371.2
0.25075,-40.8,-2.0,6356.8,11363.7
0.25080,-40.7,-2.0,6356.8,11356.2
0.25085,-40.6,-2.0,6326.0,11348.7
0.25090,-40.5,-2.0,6317.0,11341.2
0.25095,-40.4,-2.0,6317.0,11333.7
0.25100,-40.3,-2.0,6326.0,11326.2
0.25105,-40.2,-2.0,6303.4,11318.7
0.25110,-40.1,-2.0,6303.4,11311.2
0.25115,-40.0,-2.0,6345.4,11303.7
0.25120,-39.9,-2.0,6345.4,11296.3
0.25125,-39.8,-2.0,6345.4,11288.8
0.25130,-39.7,-2.0,6347.8,11281.3
0.25135,-39.6,-2.0,6376.8,11273.8
0.25140,-39.5,-2.0,6347.8,11266.3
0.25145,-39.4,-2.0,6347.8,11266.3
0.25150,-39.3,-2.0,6347.8,11266.3
0.25155,-39.2,-2.0,6342.0,11266.3
0.25160,-39.1,-2.0,6334.2,11258.8
0.25165,-39.0,-2.0,6295.0,11258.8
0.25170,-38.9,-2.0,6334.2,11269.7
0.25175,-38.8,-2.0,6334.2,11270.0
0.25180,-38.7,-2.0,6310.7,11287.2
0.25185,-38.6,-2.0,6310.7,11287.2
0.25190,-38.5,-2.0,6310.7,11300.0
0.25195,-38.3,-2.0,6295.0,11300.0
0.25200,-38.2,-2.0,6295.0,11300.0
0.25205,-38.1,-2.0,6310.7,11303.3
0.25210,-38.0,-2.0,6310.7,11303.3
0.25215,-37.9,-2.0,6280.4,11285.4
0.25220,-37.8,-2.0,6265.0,11259.5
0.25225,-37.7,-2.0,6265.0,11259.5
0.25230,-37.7,-2.0,6280.4,11285.4
0.25235,-37.7,-2.0,6254.6,11259.5
0.25240,-37.7,-2.0,6254.6,11259.5
0.25245,-37.7,-2.0,6298.3,11303.2
0.25250,-37.7,-2.0,6298.3,11303.2
0.25255,-37.7,-2.0,6298.3,11322.6
0.25260,-37.7,-2.0,6298.3,11328.0
0.25265,-37.7,-2.0,6331.3,11335.5
0.25270,-37.7,-2.0,6298.3,11335.5
0.25275,-37.7,-2.0,6295.8,11340.4
0.25280,-37.7,-2.0,6296.0,11340.4
0.25285,-37.7,-2.0,6295.8,11335.5
0.25290,-37.7,-2.0,6282.2,11333.0
0.25295,-37.7,-2.0,6242.0,11333.0
0.25300,-37.7,-2.0,6282.2,11333.0
0.25305,-37.7,-2.0,6282.2,11325.5
0.25310,-37.7,-2.0,6264.6,11318.0
0.25315,-37.7,-2.0,6264.6,11310.5
0.25320,-37.7,-2.0,6264.6,11303.0
0.25325,-37.7,-2.0,6242.0,11295.5
0.25330,-37.7,-2.0,6242.0,11288.0
0.25335,-37.7,-2.0,6264.6,11280.5
0.25340,-37.7,-2.0,6264.6,11273.0
0.25345,-37.7,-2.0,6234.8,11265.5
0.25350,-37.7,-2.0,6213.0,11258.0
0.25355,-37.7,-2.0,6213.0,11250.5
0.25360,-37.7,-2.0,6234.8,11243.0
0.25365,-37.7,-2.0,6208.5,11235.5
0.25370,-37.7,-2.0,6208.5,11228.0
0.25375,-37.7,-2.0,6251.2,11220.5
0.25380,-37.7,-2.0,6251.2,11213.0
0.25385,-37.7,-2.0,6251.2,11205.5
0.25390,-37.7,-2.0,6251.2,11198.0
0.25395,-37.7,-2.0,6279.9,11190.5
0.25400,-37.7,-2.0,6251.2,11190.5
0.25405,-37.7,-2.0,6243.8,11190.5
0.25410,-37.7,-2.0,6249.9,11183.0
0.25415,-37.7,-2.0,6243.8,11183.0
0.25420,-37.7,-2.0,6230.1,11183.0
0.25425,-37.7,-2.0,6189.0,11198.0
0.25430,-37.7,-2.0,6230.1,11198.0
0.25435,-37.7,-2.0,6230.1,11239.2
0.25440,-37.7,-2.0,6218.6,11239.2
0.25445,-37.7,-2.0,6218.6,11212.1
0.25450,-37.7,-2.0,6218.6,11239.2
0.25455,-37.7,-2.0,6189.3,11239.2
0.25460,-37.7,-2.0,6189.3,11212.1
0.25465,-37.7,-2.0,6218.6,11212.1
0.25470,-37.7,-2.0,6218.6,11194.2
0.25475,-37.7,-2.0,6189.3,11194.2
0.25480,-37.7,-2.0,6162.4,11167.4
0.25485,-37.7,-2.0,6162.4,11167.4
0.25490,-37.7,-2.0,6189.3,11194.2
0.25495,-37.7,-2.0,6162.4,11194.2
0.25500,-37.7,-2.0,6162.4,11231.8
0.25505,-37.7,-2.0,6204.1,11243.3
0.25510,-37.7,-2.0,6204.1,11235.8
0.25515,-37.7,-2.0,6204.1,11235.8
0.25520,-37.7,-2.0,6204.1,11235.8
0.25525,-37.7,-2.0,6226.9,11235.8
0.25530,-37.7,-2.0,6204.1,11235.8
0.25535,-37.7,-2.0,6191.8,11228.3
0.25540,-37.7,-2.0,6203.8,11220.8
0.25545,-37.7,-2.0,6191.8,11213.3
0.25550,-37.7,-2.0,6178.1,11205.8
0.25555,-37.7,-2.0,6135.9,11198.3
0.25560,-37.7,-2.0,6178.1,11190.8
0.25565,-37.7,-2.0,6178.1,11183.3
0.25570,-37.7,-2.0,6172.5,11175.8
0.25575,-37.7,-2.0,6172.5,11168.4
0.25580,-37.7,-2.0,6172.5,11160.9
0.25585,-37.7,-2.0,6143.7,11153.4
0.25590,-37.7,-2.0,6143.7,11145.9
0.25595,-37.7,-2.0,6172.5,11138.4
0.25600,-37.7,-2.0,6172.5,11130.9
0.25605,-37.7,-2.0,6143.7,11123.4
0.25610,-37.7,-2.0,6116.4,11115.9
0.25615,-37.7,-2.0,6116.4,11108.4
0.25620,-37.7,-2.0,6143.7,11100.9
0.25625,-37.7,-2.0,6116.4,11093.4
0.25630,-37.7,-2.0,6116.4,11093.4
0.25635,-37.7,-2.0,6157.0,11093.4
0.25640,-37.7,-2.0,6157.0,11093.4
0.25645,-37.7,-2.0,6157.0,11085.9
0.25650,-37.7,-2.0,6157.0,11085.9
0.25655,-37.7,-2.0,6173.8,11119.9
0.25660,-37.7,-2.0,6157.0,11119.9
0.25665,-37.7,-2.0,6139.7,11119.9
0.25670,-37.7,-2.0,6157.8,11119.9
0.25675,-37.7,-2.0,6139.7,11119.9
0.25680,-37.7,-2.0,6126.1,11119.9
0.25685,-37.7,-2.0,6082.9,11119.9
0.25690,-37.7,-2.0,6126.1,11119.9
0.25695,-37.7,-2.0,6126.1,11147.0
0.25700,-37.7,-2.0,6126.1,11121.0
0.25705,-37.7,-2.0,6126.1,11121.0
0.25710,-37.7,-2.0,6126.4,11121.0
0.25715,-37.7,-2.0,6098.1,11121.0
0.25720,-37.7,-2.0,6098.1,11121.0
0.25725,-37.7,-2.0,6126.4,11121.0
0.25730,-37.7,-2.0,6126.4,11121.0
0.25735,-37.7,-2.0,6098.1,11133.8
0.25740,-37.7,-2.0,6070.3,11126.3
0.25745,-37.7,-2.0,6070.3,11126.3
0.25750,-37.7,-2.0,6098.1,11126.3
0.25755,-37.7,-2.0,6070.3,11126.3
0.25760,-37.7,-2.0,6070.3,11126.3
0.25765,-37.7,-2.0,6109.9,11118.8
0.25770,-37.7,-2.0,6109.9,11111.3
0.25775,-37.7,-2.0,6109.9,11103.8
0.25780,-37.7,-2.0,6109.9,11096.3
0.25785,-37.7,-2.0,6120.8,11088.8
0.25790,-37.7,-2.0,6109.9,11081.3
0.25795,-37.7,-2.0,6087.7,11073.8
0.25800,-37.7,-2.0,6111.7,11066.3
0.25805,-37.7,-2.0,6087.7,11058.8
0.25810,-37.7,-2.0,6074.1,11051.3
0.25815,-37.7,-2.0,6029.8,11043.8
0.25820,-37.7,-2.0,6074.1,11036.3
0.25825,-37.7,-2.0,6029.8,11028.9
0.25830,-37.7,-2.0,6029.8,11021.4
0.25835,-37.7,-2.0,6045.5,11013.9
0.25840,-37.7,-2.0,6045.5,11006.4
0.25845,-37.7,-2.0,6045.5,10998.9
0.25850,-37.7,-2.0,6045.5,10991.4
0.25855,-37.7,-2.0,6064.7,10991.4
0.25860,-37.7,-2.0,6064.7,10991.4
0.25865,-37.7,-2.0,6045.5,10991.4
0.25870,-37.7,-2.0,6045.5,10989.9
0.25875,-37.7,-2.0,6064.7,10989.9
0.25880,-37.7,-2.0,6062.9,10995.2
0.25885,-37.7,-2.0,6024.2,11011.4
0.25890,-37.7,-2.0,6024.2,11011.4
0.25895,-37.7,-2.0,6062.9,11027.6
0.25900,-37.7,-2.0,6062.9,11029.5
0.25905,-37.7,-2.0,6062.9,11029.5
0.25910,-37.7,-2.0,6062.9,11029.5
0.25915,-37.7,-2.0,6067.8,11072.7
0.25920,-37.7,-2.0,6062.9,11029.5
0.25925,-37.7,-2.0,6035.7,11015.9
0.25930,-37.7,-2.0,6065.6,10997.8
0.25935,-37.7,-2.0,6035.7,11015.9
0.25940,-37.7,-2.0,6022.0,10998.6
0.25945,-37.7,-2.0,5977.2,10981.8
0.25950,-37.7,-2.0,6022.0,10998.6
0.25955,-37.7,-2.0,5982.5,10998.6
0.25960,-37.7,-2.0,5982.5,10998.6
0.25965,-37.7,-2.0,5992.5,11047.0
0.25970,-37.7,-2.0,5992.5,11057.8
0.25975,-37.7,-2.0,5992.5,11074.1
0.25980,-37.7,-2.0,5992.5,11074.1
0.25985,-37.7,-2.0,6018.6,11074.9
0.25990,-37.7,-2.0,6018.6,11074.9
0.25995,-37.7,-2.0,5992.5,11074.1
0.26000,-37.7,-2.0,6018.6,11070.4
0.26005,-37.7,-2.0,6018.6,11070.4
0.26010,-37.7,-2.0,5989.1,11070.4
0.26015,-37.7,-2.0,5964.0,11062.9
0.26020,-37.7,-2.0,5964.0,11055.4
0.26025,-37.7,-2.0,5989.1,11048.0
0.26030,-37.7,-2.0,5962.5,11040.5
0.26035,-37.7,-2.0,5962.5,11033.0
0.26040,-37.7,-2.0,6004.7,11025.5
0.26045,-37.7,-2.0,6004.7,11018.0
0.26050,-37.7,-2.0,6004.7,11010.5
0.26055,-37.7,-2.0,6004.7,11003.0
0.26060,-37.7,-2.0,6019.5,10995.5
0.26065,-37.7,-2.0,6004.7,10988.0
0.26070,-37.7,-2.0,5981.5,10980.5
0.26075,-37.7,-2.0,5981.5,10973.0
0.26080,-37.7,-2.0,5981.5,10965.5
0.26085,-37.7,-2.0,5935.4,10958.0
0.26090,-37.7,-2.0,5935.4,10950.5
0.26095,-37.7,-2.0,5939.4,10943.0
0.26100,-37.7,-2.0,5939.4,10935.5
0.26105,-37.7,-2.0,5939.4,10935.5
0.26110,-37.7,-2.0,5939.4,10935.5
0.26115,-37.7,-2.0,5972.5,10935.5
0.26120,-37.7,-2.0,5972.5,10935.5
0.26125,-37.7,-2.0,5943.5,10928.0
0.26130,-37.7,-2.0,5972.5,10920.5
0.26135,-37.7,-2.0,5972.5,10937.0
0.26140,-37.7,-2.0,5943.5,10946.4
0.26145,-37.7,-2.0,5916.4,10946.4
0.26150,-37.7,-2.0,5916.4,10966.6
0.26155,-37.7,-2.0,5943.5,10966.6
0.26160,-37.7,-2.0,5916.4,10966.6
0.26165,-37.7,-2.0,5916.4,10966.6
0.26170,-37.7,-2.0,5957.6,10966.6
0.26175,-37.7,-2.0,5957.6,10973.7
0.26180,-37.7,-2.0,5957.6,10973.7
0.26185,-37.7,-2.0,5957.6,10936.6
0.26190,-37.7,-2.0,5977.4,10936.6
0.26195,-37.7,-2.0,5957.6,10936.6
0.26200,-37.7,-2.0,5942.8,10936.6
0.26205,-37.7,-2.0,5957.8,10936.6
0.26210,-37.7,-2.0,5942.8,10975.9
0.26215,-37.7,-2.0,5929.1,10975.9
0.26220,-37.7,-2.0,5886.4,10968.4
0.26225,-37.7,-2.0,5929.1,10968.4
0.26230,-37.7,-2.0,5886.4,10968.4
0.26235,-37.7,-2.0,5886.4,10968.4
0.26240,-37.7,-2.0,5902.1,10960.9
0.26245,-37.7,-2.0,5902.1,10953.4
0.26250,-37.7,-2.0,5902.1,10945.9
0.26255,-37.7,-2.0,5902.1,10938.4
0.26260,-37.7,-2.0,5910.8,10930.9
0.26265,-37.7,-2.0,5910.8,10923.4
0.26270,-37.7,-2.0,5902.1,10915.9
0.26275,-37.7,-2.0,5902.1,10908.5
0.26280,-37.7,-2.0,5910.8,10901.0
0.26285,-37.7,-2.0,5910.5,10893.5
0.26290,-37.7,-2.0,5870.3,10886.0
0.26295,-37.7,-2.0,5870.3,10878.5
0.26300,-37.7,-2.0,5910.5,10871.0
0.26305,-37.7,-2.0,5910.5,10863.5
0.26310,-37.7,-2.0,5910.5,10856.0
0.26315,-37.7,-2.0,5910.5,10848.5
0.26320,-37.7,-2.0,5924.3,10841.0
0.26325,-37.7,-2.0,5910.5,10833.5
0.26330,-37.7,-2.0,5890.7,10826.0
0.26335,-37.7,-2.0,5911.7,10822.7
0.26340,-37.7,-2.0,5890.7,10822.7
0.26345,-37.7,-2.0,5877.1,10822.7
0.26350,-37.7,-2.0,5833.4,10822.7
0.26355,-37.7,-2.0,5877.1,10822.7
0.26360,-37.7,-2.0,5833.4,10838.3
0.26365,-37.7,-2.0,5833.4,10846.2
0.26370,-37.7,-2.0,5849.0,10846.2
0.26375,-37.7,-2.0,5849.0,10885.3
0.26380,-37.7,-2.0,5849.0,10885.3
0.26385,-37.7,-2.0,5849.0,10857.3
0.26390,-37.7,-2.0,5864.7,10885.3
0.26395,-37.7,-2.0,5864.7,10885.3
0.26400,-37.7,-2.0,5849.0,10857.3
0.26405,-37.7,-2.0,5864.7,10829.2
0.26410,-37.7,-2.0,5864.7,10829.2
0.26415,-37.7,-2.0,5834.4,10857.3
0.26420,-37.7,-2.0,5819.0,10829.2
0.26425,-37.7,-2.0,5819.0,10829.2
0.26430,-37.7,-2.0,5834.4,10868.4
0.26435,-37.7,-2.0,5808.6,10868.4
0.26440,-37.7,-2.0,5808.6,10876.2
0.26445,-37.7,-2.0,5852.3,10876.2
0.26450,-37.7,-2.0,5852.3,10876.2
0.26455,-37.7,-2.0,5852.3,10871.3
0.26460,-37.7,-2.0,5852.3,10871.3
0.26465,-37.7,-2.0,5885.3,10871.3
0.26470,-37.7,-2.0,5852.3,10863.8
0.26475,-37.7,-2.0,5849.8,10856.3
0.26480,-37.7,-2.0,5850.0,10848.8
0.26485,-37.7,-2.0,5849.8,10841.3
0.26490,-37.7,-2.0,5836.2,10833.8
0.26495,-37.7,-2.0,5796.0,10826.3
0.26500,-37.7,-2.0,5836.2,10818.8
0.26505,-37.7,-2.0,5796.0,10811.3
0.26510,-37.7,-2.0,5796.0,10803.8
0.26515,-37.7,-2.0,5811.7,10796.3
0.26520,-37.7,-2.0,5811.7,10788.8
0.26525,-37.7,-2.0,5803.0,10781.3
0.26530,-37.7,-2.0,5803.0,10773.8
0.26535,-37.7,-2.0,5811.7,10766.3
0.26540,-37.7,-2.0,5811.7,10758.8
0.26545,-37.7,-2.0,5803.0,10751.3
0.26550,-37.7,-2.0,5803.0,10743.9
0.26555,-37.7,-2.0,5803.0,10736.4
0.26560,-37.7,-2.0,5803.0,10736.4
0.26565,-37.7,-2.0,5771.0,10736.4
0.26570,-37.7,-2.0,5771.0,10736.4
0.26575,-37.7,-2.0,5794.1,10728.9
0.26580,-37.7,-2.0,5762.5,10721.4
0.26585,-37.7,-2.0,5794.1,10721.4
0.26590,-37.7,-2.0,5805.2,10736.5
0.26595,-37.7,-2.0,5833.9,10755.1
0.26600,-37.7,-2.0,5805.2,10755.1
0.26605,-37.7,-2.0,5794.1,10757.9
0.26610,-37.7,-2.0,5803.9,10789.1
0.26615,-37.7,-2.0,5794.1,10789.1
0.26620,-37.7,-2.0,5793.9,10789.1
0.26625,-37.7,-2.0,5793.9,10789.1
0.26630,-37.7,-2.0,5793.9,10789.1
0.26635,-37.7,-2.0,5743.0,10789.1
0.26640,-37.7,-2.0,5743.0,10777.5
0.26645,-37.7,-2.0,5758.6,10777.5
0.26650,-37.7,-2.0,5758.6,10747.9
0.26655,-37.7,-2.0,5756.9,10747.9
0.26660,-37.7,-2.0,5756.9,10768.1
0.26665,-37.7,-2.0,5758.6,10777.5
0.26670,-37.7,-2.0,5758.6,10777.5
0.26675,-37.7,-2.0,5756.9,10777.5
0.26680,-37.7,-2.0,5758.6,10777.5
0.26685,-37.7,-2.0,5756.9,10790.6
0.26690,-37.7,-2.0,5726.1,10802.0
0.26695,-37.7,-2.0,5725.4,10803.0
0.26700,-37.7,-2.0,5725.4,10803.0
0.26705,-37.7,-2.0,5725.4,10802.0
0.26710,-37.7,-2.0,5712.4,10795.5
0.26715,-37.7,-2.0,5712.4,10795.5
0.26720,-37.7,-2.0,5747.0,10795.5
0.26725,-37.7,-2.0,5747.0,10788.1
0.26730,-37.7,-2.0,5747.0,10780.6
0.26735,-37.7,-2.0,5756.9,10773.1
0.26740,-37.7,-2.0,5776.2,10765.6
0.26745,-37.7,-2.0,5756.9,10758.1
0.26750,-37.7,-2.0,5756.9,10750.6
0.26755,-37.7,-2.0,5756.9,10743.1
0.26760,-37.7,-2.0,5743.2,10735.6
0.26765,-37.7,-2.0,5742.2,10728.1
0.26770,-37.7,-2.0,5705.6,10720.6
0.26775,-37.7,-2.0,5742.2,10713.1
0.26780,-37.7,-2.0,5705.6,10705.6
0.26785,-37.7,-2.0,5705.6,10698.1
0.26790,-37.7,-2.0,5721.3,10690.6
0.26795,-37.7,-2.0,5721.3,10683.1
0.26800,-37.7,-2.0,5705.6,10675.6
0.26805,-37.7,-2.0,5705.6,10668.1
0.26810,-37.7,-2.0,5721.3,10660.6
0.26815,-37.7,-2.0,5721.3,10660.6
0.26820,-37.7,-0.6,5695.2,10660.6
0.26825,-37.7,4.1,5721.3,10653.1
0.26830,-37.7,4.1,5695.2,10653.1
0.26835,-37.7,4.1,5685.2,10653.1
0.26840,-37.7,4.1,5671.5,10644.3
0.26845,-37.7,4.1,5671.5,10704.9
0.26850,-37.7,-2.0,5671.5,10716.0
0.26855,-37.7,-2.0,5661.9,10732.8
0.26860,-37.7,-2.0,5671.5,10716.0
0.26865,-37.7,-2.0,5688.8,10709.8
0.26870,-37.7,-2.0,5688.8,10735.6
0.26875,-37.7,-2.0,5688.8,10709.8
0.26880,-37.7,-2.0,5716.0,10709.8
0.26885,-37.7,-2.0,5716.0,10709.8
0.26890,-37.7,-2.0,5712.7,10701.1
0.26895,-37.7,-2.0,5712.7,10696.2
0.26900,-37.7,-2.0,5712.7,10657.5
0.26905,-37.7,-2.0,5702.3,10696.2
0.26910,-37.7,-2.0,5680.4,10696.2
0.26915,-37.7,-2.0,5668.2,10696.2
0.26920,-37.7,-2.0,5680.4,10701.1
0.26925,-37.7,-2.0,5668.2,10705.9
0.26930,-37.7,-2.0,5668.2,10705.9
0.26935,-37.7,-2.0,5680.4,10705.9
0.26940,-37.7,-2.0,5680.4,10705.9
0.26945,-37.7,-2.0,5668.2,10705.9
0.26950,-37.7,-2.0,5668.2,10698.4
0.26955,-37.7,-2.0,5683.9,10690.9
0.26960,-37.7,-2.0,5683.9,10683.4
0.26965,-37.7,-2.0,5644.3,10675.9
0.26970,-37.7,-2.0,5683.9,10668.4
0.26975,-37.7,-2.0,5644.3,10660.9
0.26980,-37.7,-2.0,5633.4,10653.4
0.26985,-37.7,-2.0,5630.6,10645.9
0.26990,-37.7,-2.0,5630.6,10638.4
0.26995,-37.7,-2.0,5630.6,10630.9
0.27000,-37.7,-2.0,5598.4,10623.5
0.27005,-37.7,-2.0,5630.6,10616.0
0.27010,-37.7,-2.0,5630.6,10608.5
0.27015,-37.7,-2.0,5630.6,10601.0
0.27020,-37.7,-2.0,5630.6,10593.5
0.27025,-37.7,-2.0,5657.9,10586.0
0.27030,-37.7,-2.0,5657.9,10578.5
0.27035,-37.7,-2.0,5634.4,10571.0
0.27040,-37.7,-2.0,5634.4,10571.0
0.27045,-37.7,-2.0,5634.4,10571.0
0.27050,-37.7,-2.0,5634.4,10571.0
0.27055,-37.7,-2.0,5615.2,10566.4
0.27060,-37.7,-2.0,5615.2,10566.4
0.27065,-37.7,-2.0,5630.9,10577.5
0.27070,-37.7,-2.0,5615.2,10587.8
0.27075,-37.7,-2.0,5615.2,10592.3
0.27080,-37.7,-2.0,5630.9,10597.2
0.27085,-37.7,-2.0,5646.6,10609.3
0.27090,-37.7,-2.0,5646.6,10597.2
0.27095,-37.7,-2.0,5630.9,10597.2
0.27100,-37.7,-2.0,5646.6,10635.8
0.27105,-37.7,-2.0,5646.6,10597.2
0.27110,-37.7,-2.0,5592.9,10592.3
0.27115,-37.7,-2.0,5592.9,10583.5
0.27120,-37.7,-2.0,5592.9,10583.5
0.27125,-37.7,-2.0,5583.5,10583.5
0.27130,-37.7,-2.0,5571.7,10557.8
0.27135,-37.7,-2.0,5583.5,10583.5
0.27140,-37.7,-2.0,5572.4,10588.5
0.27145,-37.7,-2.0,5555.6,10588.5
0.27150,-37.7,-2.0,5572.4,10618.7
0.27155,-37.7,-2.0,5583.5,10618.7
0.27160,-37.7,-2.0,5613.1,10618.7
0.27165,-37.7,-2.0,5583.5,10614.4
0.27170,-37.7,-2.0,5613.1,10614.4
0.27175,-37.7,-2.0,5613.1,10614.4
0.27180,-37.7,-2.0,5572.6,10610.1
0.27185,-37.7,-2.0,5572.6,10605.8
0.27190,-37.7,-2.0,5577.8,10601.6
0.27195,-37.7,-2.0,5577.8,10597.3
0.27200,-37.7,-2.0,5572.6,10593.0
0.27205,-37.7,-2.0,5572.6,10588.7
0.27210,-37.7,-2.0,5577.8,10584.4
0.27215,-37.7,-2.0,5572.6,10580.1
0.27220,-37.7,-2.0,5577.8,10575.9
0.27225,-37.7,-2.0,5593.5,10571.6
0.27230,-37.7,-2.0,5594.6,10567.3
0.27235,-37.7,-2.0,5594.6,10563.0
0.27240,-37.7,-2.0,5593.5,10558.7
0.27245,-37.7,-2.0,5594.6,10554.4
0.27250,-37.7,-2.0,5594.6,10550.2
0.27255,-37.7,-2.0,5550.8,10545.9
0.27260,-37.7,-2.0,5550.8,10541.6
0.27265,-37.7,-2.0,5550.8,10537.3
0.27270,-37.7,-2.0,5525.3,10533.0
0.27275,-37.7,-2.0,5509.9,10528.7
0.27280,-37.7,-2.0,5525.3,10524.4
0.27285,-37.7,-2.0,5514.2,10520.2
0.27290,-37.7,-2.0,5514.2,10515.9
0.27295,-37.7,-2.0,5518.2,10515.9
0.27300,-37.7,-2.0,5525.3,10515.9
0.27305,-37.7,-2.0,5551.3,10515.9
0.27310,-37.7,-2.0,5525.3,10511.6
0.27315,-37.7,-2.0,5551.3,10511.6
0.27320,-37.7,-2.0,5551.3,10515.8
0.27325,-37.7,-2.0,5518.2,10515.8
0.27330,-37.7,-2.0,5518.2,10515.8
0.27335,-37.7,-2.0,5540.5,10545.1
0.27340,-37.7,-2.0,5540.5,10545.1
0.27345,-37.7,-2.0,5510.9,10545.1
0.27350,-37.7,-2.0,5510.9,10515.8
0.27355,-37.7,-2.0,5536.4,10515.8
0.27360,-37.7,-2.0,5510.9,10484.5
0.27365,-37.7,-2.0,5536.4,10484.5
0.27370,-37.7,-2.0,5540.5,10530.2
0.27375,-37.7,-2.0,5547.5,10530.2
0.27380,-37.7,-2.0,5547.5,10530.2
0.27385,-37.7,-2.0,5536.4,10530.2
0.27390,-37.7,-2.0,5552.3,10530.2
0.27395,-37.7,-2.0,5536.4,10567.9
0.27400,-37.7,-2.0,5508.6,10567.9
0.27405,-37.7,-2.0,5508.6,10567.9
0.27410,-37.7,-2.0,5508.6,10560.4
0.27415,-37.7,-2.0,5467.1,10560.4
0.27420,-37.7,-2.0,5465.2,10560.4
0.27425,-37.7,-2.0,5467.1,10552.9
0.27430,-37.7,-2.0,5465.2,10545.4
0.27435,-37.7,-2.0,5465.2,10537.9
0.27440,-37.7,-2.0,5467.1,10530.4
0.27445,-37.7,-2.0,5480.9,10522.9
0.27450,-37.7,-2.0,5489.6,10515.4
0.27455,-37.7,-2.0,5480.9,10507.9
0.27460,-37.7,-2.0,5489.6,10500.4
0.27465,-37.7,-2.0,5489.6,10492.9
0.27470,-37.7,-2.0,5480.9,10485.4
0.27475,-37.7,-2.0,5480.9,10478.0
0.27480,-37.7,-2.0,5489.6,10470.5
0.27485,-37.7,-2.0,5489.3,10463.0
0.27490,-37.7,-2.0,5449.1,10455.5
0.27495,-37.7,-2.0,5449.1,10448.0
0.27500,-37.7,-2.0,5478.2,10440.5
0.27505,-37.7,-2.0,5449.1,10433.0
0.27510,-37.7,-2.0,5478.2,10425.5
0.27515,-37.7,-2.0,5489.3,10418.0
0.27520,-37.7,-2.0,5503.1,10410.5
0.27525,-37.7,-2.0,5489.3,10410.5
0.27530,-37.7,-2.0,5478.2,10410.5
0.27535,-37.7,-2.0,5490.5,10403.0
0.27540,-37.7,-2.0,5478.2,10403.0
0.27545,-37.7,-2.0,5466.5,10403.0
0.27550,-37.7,-2.0,5466.5,10417.1
0.27555,-37.7,-2.0,5466.5,10425.0
0.27560,-37.7,-2.0,5412.2,10425.0
0.27565,-37.7,-2.0,5412.2,10432.8
0.27570,-37.7,-2.0,5427.8,10432.8
0.27575,-37.7,-2.0,5412.2,10432.8
0.27580,-37.7,-2.0,5412.2,10448.5
0.27585,-37.7,-2.0,5427.8,10432.8
0.27590,-37.7,-2.0,5443.5,10448.5
0.27595,-37.7,-2.0,5443.5,10448.5
0.27600,-37.7,-2.0,5427.8,10432.8
0.27605,-37.7,-2.0,5443.5,10432.8
0.27610,-37.7,-2.0,5443.5,10448.5
0.27615,-37.7,-2.0,5427.8,10448.5
0.27620,-37.7,-2.0,5443.5,10448.5
0.27625,-37.7,-2.0,5427.8,10455.0
0.27630,-37.7,-2.0,5408.9,10455.0
0.27635,-37.7,-2.0,5395.3,10450.9
0.27640,-37.7,-2.0,5395.3,10450.9
0.27645,-37.7,-2.0,5395.3,10450.9
0.27650,-37.7,-2.0,5395.3,10450.9
0.27655,-37.7,-2.0,5395.3,10443.4
0.27660,-37.7,-2.0,5420.0,10435.9
0.27665,-37.7,-2.0,5420.0,10428.4
0.27670,-37.7,-2.0,5420.0,10420.9
0.27675,-37.7,-2.0,5439.7,10413.4
0.27680,-37.7,-2.0,5446.1,10405.9
0.27685,-37.7,-2.0,5439.7,10398.4
0.27690,-37.7,-2.0,5439.7,10390.9
0.27695,-37.7,-2.0,5439.7,10383.4
0.27700,-37.7,-2.0,5426.1,10375.9
0.27705,-37.7,-2.0,5413.1,10368.4
0.27710,-37.7,-2.0,5390.5,10360.9
0.27715,-37.7,-2.0,5413.1,10353.4
0.27720,-37.7,-2.0,5390.5,10345.9
0.27725,-37.7,-2.0,5390.5,10338.5
0.27730,-37.7,-2.0,5406.1,10331.0
0.27735,-37.7,-2.0,5406.1,10323.5
0.27740,-37.7,-2.0,5390.5,10316.0
0.27745,-37.7,-2.0,5390.5,10313.0
0.27750,-37.7,-2.0,5406.1,10313.0
0.27755,-37.7,-2.0,5406.1,10313.0
0.27760,-37.7,-2.0,5368.0,10313.0
0.27765,-37.7,-2.0,5406.1,10308.5
0.27770,-37.7,-2.0,5368.0,10313.0
0.27775,-37.7,-2.0,5366.1,10314.2
0.27780,-37.7,-2.0,5354.4,10314.2
0.27785,-37.7,-2.0,5354.4,10334.4
0.27790,-37.7,-2.0,5354.4,10341.2
0.27795,-37.7,-2.0,5331.8,10377.8
0.27800,-37.7,-2.0,5354.4,10377.8
0.27805,-37.7,-2.0,5361.8,10392.7
0.27810,-37.7,-2.0,5361.8,10405.5
0.27815,-37.7,-2.0,5361.8,10392.7
0.27820,-37.7,-2.0,5398.8,10392.7
0.27825,-37.7,-2.0,5398.8,10392.7
0.27830,-37.7,-2.0,5382.7,10379.0
0.27835,-37.7,-2.0,5385.2,10372.0
0.27840,-37.7,-2.0,5385.2,10342.4
0.27845,-37.7,-2.0,5382.7,10372.0
0.27850,-37.7,-2.0,5351.4,10372.0
0.27855,-37.7,-2.0,5351.4,10363.0
0.27860,-37.7,-2.0,5353.1,10372.0
0.27865,-37.7,-2.0,5351.4,10372.0
0.27870,-37.7,-2.0,5351.4,10384.5
0.27875,-37.7,-2.0,5353.1,10392.2
0.27880,-37.7,-2.0,5353.1,10405.9
0.27885,-37.7,-2.0,5353.1,10405.9
0.27890,-37.7,-2.0,5353.1,10399.9
0.27895,-37.7,-2.0,5368.8,10399.9
0.27900,-37.7,-2.0,5368.8,10399.9
0.27905,-37.7,-2.0,5327.1,10399.9
0.27910,-37.7,-2.0,5368.8,10392.4
0.27915,-37.7,-2.0,5327.1,10384.9
0.27920,-37.7,-2.0,5313.4,10377.4
0.27925,-37.7,-2.0,5304.3,10369.9
0.27930,-37.7,-2.0,5313.4,10362.4
0.27935,-37.7,-2.0,5303.6,10354.9
0.27940,-37.7,-2.0,5277.8,10347.4
0.27945,-37.7,-2.0,5303.6,10339.9
0.27950,-37.7,-2.0,5292.4,10332.5
0.27955,-37.7,-2.0,5292.4,10325.0
0.27960,-37.7,-2.0,5293.5,10317.5
0.27965,-37.7,-2.0,5303.6,10310.0
0.27970,-37.7,-2.0,5330.1,10302.5
0.27975,-37.7,-2.0,5303.6,10295.0
0.27980,-37.7,-2.0,5330.1,10287.5
0.27985,-37.7,-2.0,5330.1,10280.0
0.27990,-37.7,-2.0,5293.5,10272.5
0.27995,-37.7,-2.0,5293.5,10265.0
0.28000,-37.7,-2.0,5315.7,10265.0
0.28005,-37.7,-2.0,5315.7,10265.0
0.28010,-37.7,-2.0,5289.6,10257.5
0.28015,-37.7,-2.0,5289.6,10257.5
0.28020,-37.7,-2.0,5314.6,10257.5
0.28025,-37.7,-2.0,5289.6,10320.7
0.28030,-37.7,-2.0,5314.6,10320.7
0.28035,-37.7,-2.0,5315.7,10320.7
0.28040,-37.7,-2.0,5325.7,10330.7
0.28045,-37.7,-2.0,5325.7,10330.7
0.28050,-37.7,-2.0,5314.6,10291.2
0.28055,-37.7,-2.0,5331.4,10336.0
0.28060,-37.7,-2.0,5314.6,10291.2
0.28065,-37.7,-2.0,5297.3,10277.5
0.28070,-37.7,-2.0,5315.3,10247.6
0.28075,-37.7,-2.0,5297.3,10277.5
0.28080,-37.7,-2.0,5283.7,10250.3
0.28085,-37.7,-2.0,5240.5,10245.4
0.28090,-37.7,-2.0,5283.7,10250.3
0.28095,-37.7,-2.0,5240.5,10250.3
0.28100,-37.7,-2.0,5240.5,10250.3
0.28105,-37.7,-2.0,5256.1,10317.3
0.28110,-37.7,-2.0,5256.1,10317.3
0.28115,-37.7,-2.0,5256.1,10317.3
0.28120,-37.7,-2.0,5256.1,10309.3
0.28125,-37.7,-2.0,5268.3,10309.3
0.28130,-37.7,-2.0,5268.3,10309.3
0.28135,-37.7,-2.0,5256.1,10301.3
0.28140,-37.7,-2.0,5268.3,10293.2
0.28145,-37.7,-2.0,5268.3,10285.2
0.28150,-37.7,-2.0,5237.8,10277.2
0.28155,-37.7,-2.0,5225.6,10269.1
0.28160,-37.7,-2.0,5225.6,10261.1
0.28165,-37.7,-2.0,5237.8,10253.1
0.28170,-37.7,-2.0,5212.2,10245.0
0.28175,-37.7,-2.0,5212.2,10237.0
0.28180,-37.7,-2.0,5256.4,10229.0
0.28185,-37.7,-2.0,5256.4,10220.9
0.28190,-37.7,-2.0,5256.4,10212.9
0.28195,-37.7,-2.0,5256.4,10204.9
0.28200,-37.7,-2.0,5288.6,10196.8
0.28205,-37.7,-2.0,5256.4,10188.8
0.28210,-37.7,-2.0,5256.4,10180.8
0.28215,-37.7,-2.0,5256.4,10172.7
0.28220,-37.7,-2.0,5253.6,10164.7
0.28225,-37.7,-2.0,5242.8,10164.7
0.28230,-37.7,-2.0,5203.1,10164.7
0.28235,-37.7,-2.0,5242.8,10164.7
0.28240,-37.7,-2.0,5203.1,10158.6
0.28245,-37.7,-2.0,5203.1,10158.6
0.28250,-37.7,-2.0,5218.8,10184.3
0.28255,-37.7,-2.0,5203.1,10184.6
0.28260,-37.7,-2.0,5203.1,10197.2
0.28265,-37.7,-2.0,5218.8,10197.2
0.28270,-37.7,-2.0,5234.4,10210.0
0.28275,-37.7,-2.0,5234.4,10197.2
0.28280,-37.7,-2.0,5218.8,10197.2
0.28285,-37.7,-2.0,5234.4,10197.2
0.28290,-37.7,-2.0,5234.4,10197.2
0.28295,-37.7,-2.0,5190.9,10197.2
0.28300,-37.7,-2.0,5190.9,10171.1
0.28305,-37.7,-2.0,5190.9,10171.1
0.28310,-37.7,-2.0,5190.9,10203.2
0.28315,-37.7,-2.0,5186.9,10171.1
0.28320,-37.7,-2.0,5186.9,10203.2
0.28325,-37.7,-2.0,5187.1,10214.3
0.28330,-37.7,-2.0,5150.5,10224.8
0.28335,-37.7,-2.0,5187.1,10224.8
0.28340,-37.7,-2.0,5198.2,10229.5
0.28345,-37.7,-2.0,5232.3,10255.2
0.28350,-37.7,-2.0,5198.2,10255.2
0.28355,-37.7,-2.0,5226.6,10257.2
0.28360,-37.7,-2.0,5226.6,10265.3
0.28365,-37.7,-2.0,5207.2,10257.3
0.28370,-37.7,-2.0,5213.0,10257.3
0.28375,-37.7,-2.0,5213.0,10257.3
0.28380,-37.7,-2.0,5207.2,10257.3
0.28385,-37.7,-2.0,5176.2,10257.3
0.28390,-37.7,-2.0,5176.2,10249.3
0.28395,-37.7,-2.0,5181.4,10241.2
0.28400,-37.7,-2.0,5176.2,10233.2
0.28405,-37.7,-2.0,5176.2,10225.2
0.28410,-37.7,-2.0,5181.4,10217.1
0.28415,-37.7,-2.0,5181.4,10209.1
0.28420,-37.7,-2.0,5181.4,10201.1
0.28425,-37.7,-2.0,5181.4,10193.0
0.28430,-37.7,-2.0,5197.1,10185.0
0.28435,-37.7,-2.0,5197.1,10177.0
0.28440,-37.7,-2.0,5154.9,10168.9
0.28445,-37.7,-2.0,5197.1,10160.9
0.28450,-37.7,-2.0,5154.9,10152.9
0.28455,-37.7,-2.0,5141.2,10144.8
0.28460,-37.7,-2.0,5129.2,10136.8
0.28465,-37.7,-2.0,5141.2,10128.8
0.28470,-37.7,-2.0,5128.9,10120.7
0.28475,-37.7,-2.0,5106.1,10112.7
0.28480,-37.7,-2.0,5128.9,10112.7
0.28485,-37.7,-2.0,5117.8,10112.7
0.28490,-37.7,-2.0,5117.8,10112.7
0.28495,-37.7,-2.0,5121.8,10111.1
0.28500,-37.7,-2.0,5128.9,10111.1
0.28505,-37.7,-2.0,5154.9,10148.7
0.28510,-37.7,-2.0,5128.9,10148.7
0.28515,-37.7,-2.0,5154.9,10166.6
0.28520,-37.7,-2.0,5154.9,10166.6
0.28525,-37.7,-2.0,5121.8,10148.7
0.28530,-37.7,-2.0,5121.8,10119.4
0.28535,-37.7,-2.0,5144.0,10119.4
0.28540,-37.7,-2.0,5144.0,10148.7
0.28545,-37.7,-2.0,5114.4,10119.4
0.28550,-37.7,-2.0,5114.4,10119.4
0.28555,-37.7,-2.0,5139.9,10144.9
0.28560,-37.7,-2.0,5114.4,10119.4
0.28565,-37.7,-2.0,5139.9,10144.9
0.28570,-37.7,-2.0,5144.0,10149.0
0.28575,-37.7,-2.0,5151.1,10156.0
0.28580,-37.7,-2.0,5151.1,10164.7
0.28585,-37.7,-2.0,5139.9,10164.8
0.28590,-37.7,-2.0,5159.7,10164.8
0.28595,-37.7,-2.0,5139.9,10164.8
0.28600,-37.7,-2.0,5125.1,10164.8
0.28605,-37.7,-2.0,5140.2,10164.8
0.28610,-37.7,-2.0,5125.1,10157.3
0.28615,-37.7,-2.0,5111.5,10149.8
0.28620,-37.7,-2.0,5068.8,10142.3
0.28625,-37.7,-2.0,5111.5,10134.8
0.28630,-37.7,-2.0,5068.8,10127.3
0.28635,-37.7,-2.0,5068.8,10119.8
0.28640,-37.7,-2.0,5084.4,10112.3
0.28645,-37.7,-2.0,5084.4,10104.8
0.28650,-37.7,-2.0,5084.4,10097.3
0.28655,-37.7,-2.0,5084.4,10089.8
0.28660,-37.7,-2.0,5093.1,10082.3
0.28665,-37.7,-2.0,5093.1,10074.8
0.28670,-37.7,-2.0,5084.4,10067.3
0.28675,-37.7,-2.0,5093.1,10059.8
0.28680,-37.7,-2.0,5093.1,10052.3
0.28685,-37.7,-2.0,5062.4,10044.8
0.28690,-37.7,-2.0,5053.4,10037.3
0.28695,-37.7,-2.0,5053.4,10029.8
0.28700,-37.7,-2.0,5062.4,10029.8
0.28705,-37.7,-2.0,5039.7,10029.8
0.28710,-37.7,-2.0,5039.7,10029.8
0.28715,-37.7,-2.0,5070.6,10022.4
0.28720,-37.7,-2.0,5037.0,10017.1
0.28725,-37.7,-2.0,5070.6,10017.1
0.28730,-37.7,-2.0,5081.7,10031.4
0.28735,-37.7,-2.0,5118.9,10049.6
0.28740,-37.7,-2.0,5081.7,10049.6
0.28745,-37.7,-2.0,5079.6,10052.8
0.28750,-37.7,-2.0,5079.6,10075.5
0.28755,-37.7,-2.0,5078.4,10075.5
0.28760,-37.7,4.5,5078.4,10075.5
0.28765,-37.7,4.5,5078.4,10075.5
0.28770,-37.7,4.5,5078.4,10075.5
0.28775,-37.7,4.5,5031.4,10036.4
0.28780,-37.7,4.5,5031.4,10036.4
0.28785,-37.7,-0.9,5047.1,10052.0
0.28790,-37.7,-2.0,5031.4,10036.4
0.28795,-37.7,-2.0,5031.4,10036.4
0.28800,-37.7,-2.0,5047.1,10052.0
0.28805,-37.7,-2.0,5062.7,10067.7
0.28810,-37.7,-2.0,5062.7,10067.7
0.28815,-37.7,-2.0,5047.1,10063.6
0.28820,-37.7,-2.0,5062.7,10063.6
0.28825,-37.7,-2.0,5062.7,10063.6
0.28830,-37.7,-2.0,5023.6,10059.8
0.28835,-37.7,-2.0,5062.7,10059.8
0.28840,-37.7,-2.0,5023.6,10056.0
0.28845,-37.7,-2.0,5015.7,10052.2
0.28850,-37.7,-2.0,5009.9,10048.4
0.28855,-37.7,-2.0,5009.9,10044.6
0.28860,-37.7,-2.0,5009.9,10040.7
0.28865,-37.7,-2.0,4981.0,10036.9
0.28870,-37.7,-2.0,5009.9,10033.1
0.28875,-37.7,-2.0,5001.3,10029.3
0.28880,-37.7,-2.0,4987.5,10025.5
0.28885,-37.7,-2.0,5001.3,10021.7
0.28890,-37.7,-2.0,5012.4,10017.9
0.28895,-37.7,-2.0,5041.5,10014.1
0.28900,-37.7,-2.0,5012.4,10010.3
0.28905,-37.7,-2.0,5041.5,10006.5
0.28910,-37.7,-2.0,5041.5,10002.7
0.28915,-37.7,-2.0,5001.3,9998.9
0.28920,-37.7,-2.0,5001.0,9995.0
0.28925,-37.7,-2.0,5009.7,9991.2
0.28930,-37.7,-2.0,5009.7,9987.4
0.28935,-37.7,-2.0,5001.0,9983.6
0.28940,-37.7,-2.0,5001.0,9979.8
0.28945,-37.7,-2.0,5009.7,9976.0
0.28950,-37.7,-2.0,5001.0,9972.2
0.28955,-37.7,-2.0,5009.7,9972.2
0.28960,-37.7,-2.0,5012.3,9972.2
0.28965,-37.7,-2.0,5012.3,9972.2
0.28970,-37.7,-2.0,5023.5,9968.4
0.28975,-37.7,-2.0,5023.5,9968.4
0.28980,-37.7,-2.0,5025.4,9974.0
0.28985,-37.7,-2.0,5023.5,9974.0
0.28990,-37.7,-2.0,5012.3,9974.0
0.28995,-37.7,-2.0,5026.7,9974.0
0.29000,-37.7,-2.0,5012.3,9974.0
0.29005,-37.7,-2.0,4991.5,9959.2
0.29010,-37.7,-2.0,4991.5,9939.4
0.29015,-37.7,-2.0,4991.5,9959.2
0.29020,-37.7,-2.0,4943.1,9948.1
0.29025,-37.7,-2.0,4943.1,9948.1
0.29030,-37.7,-2.0,4950.1,9955.1
0.29035,-37.7,-2.0,4943.1,9955.1
0.29040,-37.7,-2.0,4943.1,9959.2
0.29045,-37.7,-2.0,4950.1,9959.2
0.29050,-37.7,-2.0,4965.8,9970.7
0.29055,-37.7,-2.0,4965.8,10026.8
0.29060,-37.7,-2.0,4964.0,10019.3
0.29065,-37.7,-2.0,4965.8,10019.3
0.29070,-37.7,-2.0,4965.8,10019.3
0.29075,-37.7,-2.0,4964.0,10011.8
0.29080,-37.7,-2.0,4965.8,10011.8
0.29085,-37.7,-2.0,4964.0,10011.8
0.29090,-37.7,-2.0,4933.2,10004.3
0.29095,-37.7,-2.0,4932.5,9996.8
0.29100,-37.7,-2.0,4932.5,9989.3
0.29105,-37.7,-2.0,4932.5,9981.8
0.29110,-37.7,-2.0,4919.6,9974.3
0.29115,-37.7,-2.0,4919.6,9966.8
0.29120,-37.7,-2.0,4943.0,9959.3
0.29125,-37.7,-2.0,4907.9,9951.8
0.29130,-37.7,-2.0,4943.0,9944.3
0.29135,-37.7,-2.0,4954.1,9936.8
0.29140,-37.7,-2.0,4989.8,9929.3
0.29145,-37.7,-2.0,4954.1,9921.8
0.29150,-37.7,-2.0,4958.9,9914.3
0.29155,-37.7,-2.0,4958.9,9906.8
0.29160,-37.7,-2.0,4949.3,9899.3
0.29165,-37.7,-2.0,4949.3,9891.8
0.29170,-37.7,-2.0,4949.3,9884.3
0.29175,-37.7,-2.0,4949.3,9876.9
0.29180,-37.7,-2.0,4912.7,9869.4
0.29185,-37.7,-2.0,4912.7,9869.4
0.29190,-37.7,-2.0,4928.4,9869.4
0.29195,-37.7,-2.0,4912.7,9869.4
0.29200,-37.7,-2.0,4912.7,9869.4
0.29205,-37.7,-2.0,4928.4,9897.3
0.29210,-37.7,-2.0,4944.1,9907.3
0.29215,-37.7,-2.0,4944.1,9907.3
0.29220,-37.7,-2.0,4928.4,9907.3
0.29225,-37.7,-2.0,4944.1,9933.4
0.29230,-37.7,-2.0,4944.1,9907.3
0.29235,-37.7,-2.0,4903.4,9897.3
0.29240,-37.7,-2.0,4944.1,9883.6
0.29245,-37.7,-2.0,4903.4,9883.6
0.29250,-37.7,-2.0,4889.8,9883.6
0.29255,-37.7,-2.0,4886.6,9874.0
0.29260,-37.7,-2.0,4889.8,9883.6
0.29265,-37.7,-2.0,4884.8,9889.8
0.29270,-37.7,-2.0,4853.1,9858.1
0.29275,-37.7,-2.0,4884.8,9889.8
0.29280,-37.7,-2.0,4873.7,9900.9
0.29285,-37.7,-2.0,4868.8,9933.7
0.29290,-37.7,-2.0,4873.7,9924.7
0.29295,-37.7,-2.0,4884.8,9924.7
0.29300,-37.7,-2.0,4912.3,9924.7
0.29305,-37.7,-2.0,4884.8,9920.5
0.29310,-37.7,-2.0,4912.3,9920.5
0.29315,-37.7,-2.0,4912.3,9920.5
0.29320,-37.7,-2.0,4873.7,9916.2
0.29325,-37.7,-2.0,4871.9,9911.9
0.29330,-37.7,-2.0,4891.1,9907.6
0.29335,-37.7,-2.0,4891.1,9903.3
0.29340,-37.7,-2.0,4871.9,9899.0
0.29345,-37.7,-2.0,4871.9,9894.7
0.29350,-37.7,-2.0,4891.1,9890.5
0.29355,-37.7,-2.0,4871.9,9886.2
0.29360,-37.7,-2.0,4891.1,9881.9
0.29365,-37.7,-2.0,4895.9,9877.6
0.29370,-37.7,-2.0,4906.7,9873.3
0.29375,-37.7,-2.0,4906.7,9869.0
0.29380,-37.7,-2.0,4895.9,9864.8
0.29385,-37.7,-2.0,4906.7,9860.5
0.29390,-37.7,-2.0,4895.9,9856.2
0.29395,-37.7,-2.0,4873.6,9851.9
0.29400,-37.7,-2.0,4897.6,9847.6
0.29405,-37.7,-2.0,4873.6,9843.3
0.29410,-37.7,-2.0,4860.0,9839.1
0.29415,-37.7,-2.0,4815.8,9834.8
0.29420,-37.7,-2.0,4860.0,9830.5
0.29425,-37.7,-2.0,4815.8,9826.2
0.29430,-37.7,-2.0,4815.8,9826.2
0.29435,-37.7,-2.0,4831.4,9826.2
0.29440,-37.7,-2.0,4815.8,9826.2
0.29445,-37.7,-2.0,4815.8,9826.2
0.29450,-37.7,-2.0,4831.4,9821.9
0.29455,-37.7,-2.0,4847.1,9836.4
0.29460,-37.7,-2.0,4847.1,9836.4
0.29465,-37.7,-2.0,4834.9,9836.4
0.29470,-37.7,-2.0,4847.1,9855.6
0.29475,-37.7,-2.0,4847.1,9855.6
0.29480,-37.7,-2.0,4834.9,9825.5
0.29485,-37.7,-2.0,4847.1,9806.9
0.29490,-37.7,-2.0,4834.9,9806.9
0.29495,-37.7,-2.0,4813.0,9825.5
0.29500,-37.7,-2.0,4802.6,9799.4
0.29505,-37.7,-2.0,4802.6,9799.4
0.29510,-37.7,-2.0,4802.6,9831.5
0.29515,-37.7,-2.0,4799.4,9799.4
0.29520,-37.7,-2.0,4799.4,9831.5
0.29525,-37.7,-2.0,4815.4,9842.6
0.29530,-37.7,-2.0,4778.8,9874.3
0.29535,-37.7,-2.0,4815.4,9885.9
0.29540,-37.7,-2.0,4826.6,9885.9
0.29545,-37.7,-2.0,4860.7,9885.9
0.29550,-37.7,-2.0,4826.6,9877.8
0.29555,-37.7,-2.0,4838.2,9877.8
0.29560,-37.7,-2.0,4838.2,9877.8
0.29565,-37.7,-2.0,4820.2,9869.8
0.29570,-37.7,-2.0,4820.2,9861.8
0.29575,-37.7,-2.0,4820.2,9853.7
0.29580,-37.7,-2.0,4820.2,9845.7
0.29585,-37.7,-2.0,4794.1,9837.7
0.29590,-37.7,-2.0,4794.1,9829.6
0.29595,-37.7,-2.0,4809.8,9821.6
0.29600,-37.7,-2.0,4794.1,9813.6
0.29605,-37.7,-2.0,4794.1,9805.5
0.29610,-37.7,-2.0,4809.8,9797.5
0.29615,-37.7,-2.0,4809.8,9789.5
0.29620,-37.7,-2.0,4825.4,9781.4
0.29625,-37.7,-2.0,4825.4,9773.4
0.29630,-37.7,-2.0,4826.5,9765.4
0.29635,-37.7,-2.0,4826.5,9757.3
0.29640,-37.7,-2.0,4825.4,9749.3
0.29645,-37.7,-2.0,4826.5,9741.3
0.29650,-37.7,-2.0,4826.5,9733.2
0.29655,-37.7,-2.0,4782.7,9725.2
0.29660,-37.7,-2.0,4782.7,9723.8
0.29665,-37.7,-2.0,4782.7,9723.8
0.29670,-37.7,-2.0,4757.2,9723.8
0.29675,-37.7,-2.0,4741.8,9723.8
0.29680,-37.7,-2.0,4757.2,9723.8
0.29685,-37.7,-2.0,4746.1,9739.4
0.29690,-37.7,-2.0,4746.1,9762.2
0.29695,-37.7,-2.0,4750.2,9762.2
0.29700,-37.7,-2.0,4757.2,9803.9
0.29705,-37.7,-2.0,4783.2,9803.9
0.29710,-37.7,-2.0,4757.2,9777.0
0.29715,-37.7,-2.0,4783.2,9803.9
0.29720,-37.7,-2.0,4783.2,9803.9
0.29725,-37.7,-2.0,4754.2,9777.0
0.29730,-37.7,-2.0,4783.2,9747.7
0.29735,-37.7,-2.0,4783.2,9747.7
0.29740,-37.7,-2.0,4754.2,9777.0
0.29745,-37.7,-2.0,4727.1,9747.7
0.29750,-37.7,-2.0,4727.1,9747.7
0.29755,-37.7,-2.0,4754.2,9777.3
0.29760,-37.7,-2.0,4727.1,9777.3
0.29765,-37.7,-2.0,4727.1,9777.9
0.29770,-37.7,-2.0,4757.2,9777.9
0.29775,-37.7,-2.0,4727.1,9777.9
0.29780,-37.7,-2.0,4757.2,9777.9
0.29785,-37.7,-2.0,4768.3,9773.6
0.29790,-37.7,-2.0,4788.1,9773.6
0.29795,-37.7,-2.0,4768.3,9769.3
0.29800,-37.7,-2.0,4757.2,9765.0
0.29805,-37.7,-2.0,4768.5,9760.7
0.29810,-37.7,-2.0,4757.2,9756.5
0.29815,-37.7,-2.0,4750.1,9752.2
0.29820,-37.7,-2.0,4750.1,9747.9
0.29825,-37.7,-2.0,4750.1,9743.6
0.29830,-37.7,-2.0,4697.1,9739.3
0.29835,-37.7,-2.0,4697.1,9735.0
0.29840,-37.7,-2.0,4712.8,9730.8
0.29845,-37.7,-2.0,4697.1,9726.5
0.29850,-37.7,-2.0,4697.1,9722.2
0.29855,-37.7,-2.0,4712.8,9717.9
0.29860,-37.7,-2.0,4712.8,9713.6
0.29865,-37.7,-2.0,4728.5,9709.3
0.29870,-37.7,-2.0,4728.5,9705.1
0.29875,-37.7,-2.0,4744.1,9700.8
0.29880,-37.7,-2.0,4744.1,9696.5
0.29885,-37.7,-2.0,4728.5,9692.2
0.29890,-37.7,-2.0,4744.1,9687.9
0.29895,-37.7,-2.0,4744.1,9683.6
0.29900,-37.7,-2.0,4694.6,9679.3
0.29905,-37.7,-2.0,4694.6,9675.1
0.29910,-37.7,-2.0,4694.6,9675.1
0.29915,-37.7,-2.0,4694.6,9675.1
0.29920,-37.7,-2.0,4690.1,9670.8
0.29925,-37.7,-2.0,4694.6,9670.8
0.29930,-37.7,-2.0,4687.8,9670.8
0.29935,-37.7,-2.0,4653.2,9660.4
0.29940,-37.7,-2.0,4687.8,9692.8
0.29945,-37.7,-2.0,4699.0,9703.9
0.29950,-37.7,-2.0,4766.4,9771.3
0.29955,-37.7,-2.0,4782.0,9787.0
0.29960,-37.7,-2.0,4786.9,9791.9
0.29965,-37.7,-2.0,4786.9,9791.9
0.29970,-37.7,-2.0,4786.9,9791.9
0.29975,-37.7,-2.0,4786.9,9791.9
0.29980,-37.7,-2.0,4786.9,9791.9
0.29985,-37.7,-2.0,4786.9,9791.9
0.29990,-37.7,-2.0,4786.9,9791.9
0.29995,-37.7,-2.0,4786.9,9791.9
0.30000,-37.7,-2.0,4786.9,9791.9
